question_id,question,category,answer_1,score_1,answer_2,score_2,answer_3,score_3,answer_4,score_4,answer_5,score_5,answer_6,score_6,source_type,notes
Q0001,Name a food,Food,PIZZA,38.0,BURGER,24.0,FRIES,16.0,CHICKEN,10.0,PASTA,7.0,ICE CREAM,5.0,synthetic_original,Popularity weights are modeled for gameplay; not real survey data and not copied from Famobi.
Q0002,Name your favorite food,Food,PIZZA,38.0,BURGER,24.0,FRIES,16.0,CHICKEN,10.0,PASTA,7.0,ICE CREAM,5.0,synthetic_original,Popularity weights are modeled for gameplay; not real survey data and not copied from Famobi.
Q0003,Name a popular food,Food,PIZZA,38.0,BURGER,24.0,FRIES,16.0,CHICKEN,10.0,PASTA,7.0,ICE CREAM,5.0,synthetic_original,Popularity weights are modeled for gameplay; not real survey data and not copied from Famobi.
Q0004,Name an animal,Animals,DOG,38.0,CAT,24.0,HORSE,16.0,COW,10.0,PIG,7.0,CHICKEN,5.0,synthetic_original,Popularity weights are modeled for gameplay; not real survey data and not copied from Famobi.
Q0005,Name a common animal,Animals,DOG,38.0,CAT,24.0,HORSE,16.0,COW,10.0,PIG,7.0,CHICKEN,5.0,synthetic_original,Popularity weights are modeled for gameplay; not real survey data and not copied from Famobi.
Q0006,Name a animal,Animals,LION,38.0,TIGER,24.0,ELEPHANT,16.0,GIRAFFE,10.0,ZEBRA,7.0,MONKEY,5.0,synthetic_original,Popularity weights are modeled for gameplay; not real survey data and not copied from Famobi.
Q0007,Name your favorite animal,Animals,LION,38.0,TIGER,24.0,ELEPHANT,16.0,GIRAFFE,10.0,ZEBRA,7.0,MONKEY,5.0,synthetic_original,Popularity weights are modeled for gameplay; not real survey data and not copied from Famobi.
Q0008,Name a popular animal,Animals,LION,38.0,TIGER,24.0,ELEPHANT,16.0,GIRAFFE,10.0,ZEBRA,7.0,MONKEY,5.0,synthetic_original,Popularity weights are modeled for gameplay; not real survey data and not copied from Famobi.
Q0009,Name a place,Travel,PARIS,38.0,LONDON,24.0,NEW YORK,16.0,TOKYO,10.0,ROME,7.0,DUBAI,5.0,synthetic_original,Popularity weights are modeled for gameplay; not real survey data and not copied from Famobi.
Q0010,Name your favorite place,Travel,PARIS,38.0,LONDON,24.0,NEW YORK,16.0,TOKYO,10.0,ROME,7.0,DUBAI,5.0,synthetic_original,Popularity weights are modeled for gameplay; not real survey data and not copied from Famobi.
Q0011,Name a popular place,Travel,PARIS,38.0,LONDON,24.0,NEW YORK,16.0,TOKYO,10.0,ROME,7.0,DUBAI,5.0,synthetic_original,Popularity weights are modeled for gameplay; not real survey data and not copied from Famobi.
Q0012,Name something you place for a trip,Travel,PACK,38.0,BOOK,24.0,WEAR,16.0,BUY,10.0,PLAN,7.0,BRING,5.0,synthetic_original,Popularity weights are modeled for gameplay; not real survey data and not copied from Famobi.
Q0013,Name one thing you place for a trip,Travel,PACK,38.0,BOOK,24.0,WEAR,16.0,BUY,10.0,PLAN,7.0,BRING,5.0,synthetic_original,Popularity weights are modeled for gameplay; not real survey data and not copied from Famobi.
Q0014,Name something you place at an airport,Travel,CHECK IN,38.0,SHOW YOUR PASSPORT,24.0,WAIT,16.0,EAT,10.0,SHOP,7.0,BOARD,5.0,synthetic_original,Popularity weights are modeled for gameplay; not real survey data and not copied from Famobi.
Q0015,Name one thing you place at an airport,Travel,CHECK IN,38.0,SHOW YOUR PASSPORT,24.0,WAIT,16.0,EAT,10.0,SHOP,7.0,BOARD,5.0,synthetic_original,Popularity weights are modeled for gameplay; not real survey data and not copied from Famobi.
Q0016,Name a place you might take,Travel,FLIGHT,38.0,TRAIN,24.0,BUS,16.0,TAXI,10.0,CRUISE,7.0,ROAD TRIP,5.0,synthetic_original,Popularity weights are modeled for gameplay; not real survey data and not copied from Famobi.
Q0017,Name your favorite place you might take,Travel,FLIGHT,38.0,TRAIN,24.0,BUS,16.0,TAXI,10.0,CRUISE,7.0,ROAD TRIP,5.0,synthetic_original,Popularity weights are modeled for gameplay; not real survey data and not copied from Famobi.
Q0018,Name a popular place you might take,Travel,FLIGHT,38.0,TRAIN,24.0,BUS,16.0,TAXI,10.0,CRUISE,7.0,ROAD TRIP,5.0,synthetic_original,Popularity weights are modeled for gameplay; not real survey data and not copied from Famobi.
Q0019,Name something you see in a place,Travel,HOTEL,38.0,AIRPORT,24.0,TRAIN STATION,16.0,MUSEUM,10.0,BEACH,7.0,TOURIST ATTRACTION,5.0,synthetic_original,Popularity weights are modeled for gameplay; not real survey data and not copied from Famobi.
Q0020,Name one thing you see in a place,Travel,HOTEL,38.0,AIRPORT,24.0,TRAIN STATION,16.0,MUSEUM,10.0,BEACH,7.0,TOURIST ATTRACTION,5.0,synthetic_original,Popularity weights are modeled for gameplay; not real survey data and not copied from Famobi.
Q0021,Name something you find in a household item,Home,KITCHEN,38.0,BEDROOM,24.0,BATHROOM,16.0,LIVING ROOM,10.0,GARAGE,7.0,OFFICE,5.0,synthetic_original,Popularity weights are modeled for gameplay; not real survey data and not copied from Famobi.
Q0022,Name one thing you find in a household item,Home,KITCHEN,38.0,BEDROOM,24.0,BATHROOM,16.0,LIVING ROOM,10.0,GARAGE,7.0,OFFICE,5.0,synthetic_original,Popularity weights are modeled for gameplay; not real survey data and not copied from Famobi.
Q0023,Name something you household item at home,Home,WATCH TV,38.0,SLEEP,24.0,COOK,16.0,EAT,10.0,CLEAN,7.0,RELAX,5.0,synthetic_original,Popularity weights are modeled for gameplay; not real survey data and not copied from Famobi.
Q0024,Name one thing you household item at home,Home,WATCH TV,38.0,SLEEP,24.0,COOK,16.0,EAT,10.0,CLEAN,7.0,RELAX,5.0,synthetic_original,Popularity weights are modeled for gameplay; not real survey data and not copied from Famobi.
Q0025,Name a household item appliance,Home,REFRIGERATOR,38.0,MICROWAVE,24.0,OVEN,16.0,TOASTER,10.0,DISHWASHER,7.0,WASHING MACHINE,5.0,synthetic_original,Popularity weights are modeled for gameplay; not real survey data and not copied from Famobi.
Q0026,Name your favorite household item appliance,Home,REFRIGERATOR,38.0,MICROWAVE,24.0,OVEN,16.0,TOASTER,10.0,DISHWASHER,7.0,WASHING MACHINE,5.0,synthetic_original,Popularity weights are modeled for gameplay; not real survey data and not copied from Famobi.
Q0027,Name a popular household item appliance,Home,REFRIGERATOR,38.0,MICROWAVE,24.0,OVEN,16.0,TOASTER,10.0,DISHWASHER,7.0,WASHING MACHINE,5.0,synthetic_original,Popularity weights are modeled for gameplay; not real survey data and not copied from Famobi.
Q0028,Name something soft in a household item,Home,BED,38.0,PILLOW,24.0,BLANKET,16.0,CARPET,10.0,COUCH,7.0,TOWEL,5.0,synthetic_original,Popularity weights are modeled for gameplay; not real survey data and not copied from Famobi.
Q0029,Name one thing soft in a household item,Home,BED,38.0,PILLOW,24.0,BLANKET,16.0,CARPET,10.0,COUCH,7.0,TOWEL,5.0,synthetic_original,Popularity weights are modeled for gameplay; not real survey data and not copied from Famobi.
Q0030,Name something you clean in a household item,Home,FLOOR,38.0,WINDOW,24.0,BATHROOM,16.0,KITCHEN,10.0,CARPET,7.0,MIRROR,5.0,synthetic_original,Popularity weights are modeled for gameplay; not real survey data and not copied from Famobi.
Q0031,Name one thing you clean in a household item,Home,FLOOR,38.0,WINDOW,24.0,BATHROOM,16.0,KITCHEN,10.0,CARPET,7.0,MIRROR,5.0,synthetic_original,Popularity weights are modeled for gameplay; not real survey data and not copied from Famobi.
Q0032,Name something you keep in a household item,Home,DRAWER,38.0,CLOSET,24.0,CABINET,16.0,GARAGE,10.0,FRIDGE,7.0,DESK,5.0,synthetic_original,Popularity weights are modeled for gameplay; not real survey data and not copied from Famobi.
Q0033,Name one thing you keep in a household item,Home,DRAWER,38.0,CLOSET,24.0,CABINET,16.0,GARAGE,10.0,FRIDGE,7.0,DESK,5.0,synthetic_original,Popularity weights are modeled for gameplay; not real survey data and not copied from Famobi.
Q0034,Name a school subject,School,MATH,38.0,SCIENCE,24.0,ENGLISH,16.0,HISTORY,10.0,ART,7.0,GEOGRAPHY,5.0,synthetic_original,Popularity weights are modeled for gameplay; not real survey data and not copied from Famobi.
Q0035,Name your favorite school subject,School,MATH,38.0,SCIENCE,24.0,ENGLISH,16.0,HISTORY,10.0,ART,7.0,GEOGRAPHY,5.0,synthetic_original,Popularity weights are modeled for gameplay; not real survey data and not copied from Famobi.
Q0036,Name a popular school subject,School,MATH,38.0,SCIENCE,24.0,ENGLISH,16.0,HISTORY,10.0,ART,7.0,GEOGRAPHY,5.0,synthetic_original,Popularity weights are modeled for gameplay; not real survey data and not copied from Famobi.
Q0037,Name something students school subject,School,STUDY,38.0,READ,24.0,WRITE,16.0,TEST,10.0,LEARN,7.0,MEMORIZE,5.0,synthetic_original,Popularity weights are modeled for gameplay; not real survey data and not copied from Famobi.
Q0038,Name one thing students school subject,School,STUDY,38.0,READ,24.0,WRITE,16.0,TEST,10.0,LEARN,7.0,MEMORIZE,5.0,synthetic_original,Popularity weights are modeled for gameplay; not real survey data and not copied from Famobi.
Q0039,Name something in a school subject,School,CLASSROOM,38.0,SCHOOL,24.0,BACKPACK,16.0,PENCIL CASE,10.0,LIBRARY,7.0,CAFETERIA,5.0,synthetic_original,Popularity weights are modeled for gameplay; not real survey data and not copied from Famobi.
Q0040,Name one thing in a school subject,School,CLASSROOM,38.0,SCHOOL,24.0,BACKPACK,16.0,PENCIL CASE,10.0,LIBRARY,7.0,CAFETERIA,5.0,synthetic_original,Popularity weights are modeled for gameplay; not real survey data and not copied from Famobi.
Q0041,Name a school subject students use,School,PENCIL,38.0,PEN,24.0,NOTEBOOK,16.0,CALCULATOR,10.0,LAPTOP,7.0,RULER,5.0,synthetic_original,Popularity weights are modeled for gameplay; not real survey data and not copied from Famobi.
Q0042,Name your favorite school subject students use,School,PENCIL,38.0,PEN,24.0,NOTEBOOK,16.0,CALCULATOR,10.0,LAPTOP,7.0,RULER,5.0,synthetic_original,Popularity weights are modeled for gameplay; not real survey data and not copied from Famobi.
Q0043,Name a popular school subject students use,School,PENCIL,38.0,PEN,24.0,NOTEBOOK,16.0,CALCULATOR,10.0,LAPTOP,7.0,RULER,5.0,synthetic_original,Popularity weights are modeled for gameplay; not real survey data and not copied from Famobi.
Q0044,Name a reason a student might school subject,School,BE LATE,38.0,MISS CLASS,24.0,STUDY,16.0,FAIL,10.0,CELEBRATE,7.0,ASK FOR HELP,5.0,synthetic_original,Popularity weights are modeled for gameplay; not real survey data and not copied from Famobi.
Q0045,Name your favorite reason a student might school subject,School,BE LATE,38.0,MISS CLASS,24.0,STUDY,16.0,FAIL,10.0,CELEBRATE,7.0,ASK FOR HELP,5.0,synthetic_original,Popularity weights are modeled for gameplay; not real survey data and not copied from Famobi.
Q0046,Name a popular reason a student might school subject,School,BE LATE,38.0,MISS CLASS,24.0,STUDY,16.0,FAIL,10.0,CELEBRATE,7.0,ASK FOR HELP,5.0,synthetic_original,Popularity weights are modeled for gameplay; not real survey data and not copied from Famobi.
Q0047,Name a sport,Sports,FOOTBALL,38.0,BASKETBALL,24.0,SOCCER,16.0,BASEBALL,10.0,TENNIS,7.0,HOCKEY,5.0,synthetic_original,Popularity weights are modeled for gameplay; not real survey data and not copied from Famobi.
Q0048,Name your favorite sport,Sports,FOOTBALL,38.0,BASKETBALL,24.0,SOCCER,16.0,BASEBALL,10.0,TENNIS,7.0,HOCKEY,5.0,synthetic_original,Popularity weights are modeled for gameplay; not real survey data and not copied from Famobi.
Q0049,Name a popular sport,Sports,FOOTBALL,38.0,BASKETBALL,24.0,SOCCER,16.0,BASEBALL,10.0,TENNIS,7.0,HOCKEY,5.0,synthetic_original,Popularity weights are modeled for gameplay; not real survey data and not copied from Famobi.
Q0050,Name a sport played with a sport,Sports,BALL,38.0,BAT,24.0,RACKET,16.0,HELMET,10.0,NET,7.0,BOARD,5.0,synthetic_original,Popularity weights are modeled for gameplay; not real survey data and not copied from Famobi.
Q0051,Name your favorite sport played with a sport,Sports,BALL,38.0,BAT,24.0,RACKET,16.0,HELMET,10.0,NET,7.0,BOARD,5.0,synthetic_original,Popularity weights are modeled for gameplay; not real survey data and not copied from Famobi.
Q0052,Name a popular sport played with a sport,Sports,BALL,38.0,BAT,24.0,RACKET,16.0,HELMET,10.0,NET,7.0,BOARD,5.0,synthetic_original,Popularity weights are modeled for gameplay; not real survey data and not copied from Famobi.
Q0053,Name something athletes sport,Sports,RUN,38.0,TRAIN,24.0,STRETCH,16.0,PRACTICE,10.0,COMPETE,7.0,SCORE,5.0,synthetic_original,Popularity weights are modeled for gameplay; not real survey data and not copied from Famobi.
Q0054,Name one thing athletes sport,Sports,RUN,38.0,TRAIN,24.0,STRETCH,16.0,PRACTICE,10.0,COMPETE,7.0,SCORE,5.0,synthetic_original,Popularity weights are modeled for gameplay; not real survey data and not copied from Famobi.
Q0055,Name something you see at a sport,Sports,STADIUM,38.0,GAME,24.0,RACE,16.0,MARATHON,10.0,SOCCER MATCH,7.0,BASKETBALL GAME,5.0,synthetic_original,Popularity weights are modeled for gameplay; not real survey data and not copied from Famobi.
Q0056,Name one thing you see at a sport,Sports,STADIUM,38.0,GAME,24.0,RACE,16.0,MARATHON,10.0,SOCCER MATCH,7.0,BASKETBALL GAME,5.0,synthetic_original,Popularity weights are modeled for gameplay; not real survey data and not copied from Famobi.
Q0057,Name a piece of sport equipment,Sports,HELMET,38.0,BALL,24.0,BAT,16.0,GLOVES,10.0,RACKET,7.0,CLEATS,5.0,synthetic_original,Popularity weights are modeled for gameplay; not real survey data and not copied from Famobi.
Q0058,Name your favorite piece of sport equipment,Sports,HELMET,38.0,BALL,24.0,BAT,16.0,GLOVES,10.0,RACKET,7.0,CLEATS,5.0,synthetic_original,Popularity weights are modeled for gameplay; not real survey data and not copied from Famobi.
Q0059,Name a popular piece of sport equipment,Sports,HELMET,38.0,BALL,24.0,BAT,16.0,GLOVES,10.0,RACKET,7.0,CLEATS,5.0,synthetic_original,Popularity weights are modeled for gameplay; not real survey data and not copied from Famobi.
Q0060,Name a form of entertainment,Entertainment,SUPERHERO,38.0,MOVIE,24.0,TV SHOW,16.0,VIDEO GAME,10.0,CARTOON,7.0,COMIC,5.0,synthetic_original,Popularity weights are modeled for gameplay; not real survey data and not copied from Famobi.
Q0061,Name your favorite form of entertainment,Entertainment,SUPERHERO,38.0,MOVIE,24.0,TV SHOW,16.0,VIDEO GAME,10.0,CARTOON,7.0,COMIC,5.0,synthetic_original,Popularity weights are modeled for gameplay; not real survey data and not copied from Famobi.
Q0062,Name a popular form of entertainment,Entertainment,SUPERHERO,38.0,MOVIE,24.0,TV SHOW,16.0,VIDEO GAME,10.0,CARTOON,7.0,COMIC,5.0,synthetic_original,Popularity weights are modeled for gameplay; not real survey data and not copied from Famobi.
Q0063,Name a famous form of entertainment,Entertainment,ACTOR,38.0,SINGER,24.0,RAPPER,16.0,COMEDIAN,10.0,DIRECTOR,7.0,ATHLETE,5.0,synthetic_original,Popularity weights are modeled for gameplay; not real survey data and not copied from Famobi.
Q0064,Name your favorite famous form of entertainment,Entertainment,ACTOR,38.0,SINGER,24.0,RAPPER,16.0,COMEDIAN,10.0,DIRECTOR,7.0,ATHLETE,5.0,synthetic_original,Popularity weights are modeled for gameplay; not real survey data and not copied from Famobi.
Q0065,Name a popular famous form of entertainment,Entertainment,ACTOR,38.0,SINGER,24.0,RAPPER,16.0,COMEDIAN,10.0,DIRECTOR,7.0,ATHLETE,5.0,synthetic_original,Popularity weights are modeled for gameplay; not real survey data and not copied from Famobi.
Q0066,Name a form of entertainment character,Entertainment,HARRY POTTER,38.0,BATMAN,24.0,SPIDER-MAN,16.0,SUPERMAN,10.0,HOMER SIMPSON,7.0,MICKEY MOUSE,5.0,synthetic_original,Popularity weights are modeled for gameplay; not real survey data and not copied from Famobi.
Q0067,Name your favorite form of entertainment character,Entertainment,HARRY POTTER,38.0,BATMAN,24.0,SPIDER-MAN,16.0,SUPERMAN,10.0,HOMER SIMPSON,7.0,MICKEY MOUSE,5.0,synthetic_original,Popularity weights are modeled for gameplay; not real survey data and not copied from Famobi.
Q0068,Name a popular form of entertainment character,Entertainment,HARRY POTTER,38.0,BATMAN,24.0,SPIDER-MAN,16.0,SUPERMAN,10.0,HOMER SIMPSON,7.0,MICKEY MOUSE,5.0,synthetic_original,Popularity weights are modeled for gameplay; not real survey data and not copied from Famobi.
Q0069,Name something you watch on a form of entertainment,Entertainment,TV,38.0,STREAMING SERVICE,24.0,PHONE,16.0,COMPUTER,10.0,MOVIE SCREEN,7.0,TABLET,5.0,synthetic_original,Popularity weights are modeled for gameplay; not real survey data and not copied from Famobi.
Q0070,Name one thing you watch on a form of entertainment,Entertainment,TV,38.0,STREAMING SERVICE,24.0,PHONE,16.0,COMPUTER,10.0,MOVIE SCREEN,7.0,TABLET,5.0,synthetic_original,Popularity weights are modeled for gameplay; not real survey data and not copied from Famobi.
Q0071,Name a form of entertainment people play,Entertainment,MINECRAFT,38.0,FORTNITE,24.0,MARIO,16.0,FIFA,10.0,ROBLOX,7.0,CALL OF DUTY,5.0,synthetic_original,Popularity weights are modeled for gameplay; not real survey data and not copied from Famobi.
Q0072,Name your favorite form of entertainment people play,Entertainment,MINECRAFT,38.0,FORTNITE,24.0,MARIO,16.0,FIFA,10.0,ROBLOX,7.0,CALL OF DUTY,5.0,synthetic_original,Popularity weights are modeled for gameplay; not real survey data and not copied from Famobi.
Q0073,Name a popular form of entertainment people play,Entertainment,MINECRAFT,38.0,FORTNITE,24.0,MARIO,16.0,FIFA,10.0,ROBLOX,7.0,CALL OF DUTY,5.0,synthetic_original,Popularity weights are modeled for gameplay; not real survey data and not copied from Famobi.
Q0074,Name a form of entertainment music genre,Entertainment,POP,38.0,ROCK,24.0,RAP,16.0,COUNTRY,10.0,JAZZ,7.0,CLASSICAL,5.0,synthetic_original,Popularity weights are modeled for gameplay; not real survey data and not copied from Famobi.
Q0075,Name your favorite form of entertainment music genre,Entertainment,POP,38.0,ROCK,24.0,RAP,16.0,COUNTRY,10.0,JAZZ,7.0,CLASSICAL,5.0,synthetic_original,Popularity weights are modeled for gameplay; not real survey data and not copied from Famobi.
Q0076,Name a popular form of entertainment music genre,Entertainment,POP,38.0,ROCK,24.0,RAP,16.0,COUNTRY,10.0,JAZZ,7.0,CLASSICAL,5.0,synthetic_original,Popularity weights are modeled for gameplay; not real survey data and not copied from Famobi.
Q0077,Name a technology device,Technology,SMARTPHONE,38.0,LAPTOP,24.0,TABLET,16.0,SMARTWATCH,10.0,DESKTOP COMPUTER,7.0,GAME CONSOLE,5.0,synthetic_original,Popularity weights are modeled for gameplay; not real survey data and not copied from Famobi.
Q0078,Name your favorite technology device,Technology,SMARTPHONE,38.0,LAPTOP,24.0,TABLET,16.0,SMARTWATCH,10.0,DESKTOP COMPUTER,7.0,GAME CONSOLE,5.0,synthetic_original,Popularity weights are modeled for gameplay; not real survey data and not copied from Famobi.
Q0079,Name a popular technology device,Technology,SMARTPHONE,38.0,LAPTOP,24.0,TABLET,16.0,SMARTWATCH,10.0,DESKTOP COMPUTER,7.0,GAME CONSOLE,5.0,synthetic_original,Popularity weights are modeled for gameplay; not real survey data and not copied from Famobi.
Q0080,Name an app people technology device,Technology,TEXT,38.0,CHAT,24.0,WATCH VIDEOS,16.0,LISTEN TO MUSIC,10.0,SHOP,7.0,NAVIGATE,5.0,synthetic_original,Popularity weights are modeled for gameplay; not real survey data and not copied from Famobi.
Q0081,Name a common app people technology device,Technology,TEXT,38.0,CHAT,24.0,WATCH VIDEOS,16.0,LISTEN TO MUSIC,10.0,SHOP,7.0,NAVIGATE,5.0,synthetic_original,Popularity weights are modeled for gameplay; not real survey data and not copied from Famobi.
Q0082,Name something you use with a technology device,Technology,KEYBOARD,38.0,MOUSE,24.0,CHARGER,16.0,HEADPHONES,10.0,MONITOR,7.0,WEBCAM,5.0,synthetic_original,Popularity weights are modeled for gameplay; not real survey data and not copied from Famobi.
Q0083,Name one thing you use with a technology device,Technology,KEYBOARD,38.0,MOUSE,24.0,CHARGER,16.0,HEADPHONES,10.0,MONITOR,7.0,WEBCAM,5.0,synthetic_original,Popularity weights are modeled for gameplay; not real survey data and not copied from Famobi.
Q0084,Name a technology device company,Technology,APPLE,38.0,GOOGLE,24.0,MICROSOFT,16.0,AMAZON,10.0,SAMSUNG,7.0,META,5.0,synthetic_original,Popularity weights are modeled for gameplay; not real survey data and not copied from Famobi.
Q0085,Name your favorite technology device company,Technology,APPLE,38.0,GOOGLE,24.0,MICROSOFT,16.0,AMAZON,10.0,SAMSUNG,7.0,META,5.0,synthetic_original,Popularity weights are modeled for gameplay; not real survey data and not copied from Famobi.
Q0086,Name a popular technology device company,Technology,APPLE,38.0,GOOGLE,24.0,MICROSOFT,16.0,AMAZON,10.0,SAMSUNG,7.0,META,5.0,synthetic_original,Popularity weights are modeled for gameplay; not real survey data and not copied from Famobi.
Q0087,Name something you do on a technology device,Technology,SEARCH,38.0,EMAIL,24.0,WATCH VIDEOS,16.0,SHOP,10.0,PLAY GAMES,7.0,WORK,5.0,synthetic_original,Popularity weights are modeled for gameplay; not real survey data and not copied from Famobi.
Q0088,Name one thing you do on a technology device,Technology,SEARCH,38.0,EMAIL,24.0,WATCH VIDEOS,16.0,SHOP,10.0,PLAY GAMES,7.0,WORK,5.0,synthetic_original,Popularity weights are modeled for gameplay; not real survey data and not copied from Famobi.
Q0089,Name a technology device accessory,Technology,CHARGER,38.0,CASE,24.0,HEADPHONES,16.0,MOUSE,10.0,KEYBOARD,7.0,STYLUS,5.0,synthetic_original,Popularity weights are modeled for gameplay; not real survey data and not copied from Famobi.
Q0090,Name your favorite technology device accessory,Technology,CHARGER,38.0,CASE,24.0,HEADPHONES,16.0,MOUSE,10.0,KEYBOARD,7.0,STYLUS,5.0,synthetic_original,Popularity weights are modeled for gameplay; not real survey data and not copied from Famobi.
Q0091,Name a popular technology device accessory,Technology,CHARGER,38.0,CASE,24.0,HEADPHONES,16.0,MOUSE,10.0,KEYBOARD,7.0,STYLUS,5.0,synthetic_original,Popularity weights are modeled for gameplay; not real survey data and not copied from Famobi.
Q0092,Name a job,Work,DOCTOR,38.0,TEACHER,24.0,ENGINEER,16.0,LAWYER,10.0,NURSE,7.0,ACCOUNTANT,5.0,synthetic_original,Popularity weights are modeled for gameplay; not real survey data and not copied from Famobi.
Q0093,Name your favorite job,Work,DOCTOR,38.0,TEACHER,24.0,ENGINEER,16.0,LAWYER,10.0,NURSE,7.0,ACCOUNTANT,5.0,synthetic_original,Popularity weights are modeled for gameplay; not real survey data and not copied from Famobi.
Q0094,Name a popular job,Work,DOCTOR,38.0,TEACHER,24.0,ENGINEER,16.0,LAWYER,10.0,NURSE,7.0,ACCOUNTANT,5.0,synthetic_original,Popularity weights are modeled for gameplay; not real survey data and not copied from Famobi.
Q0095,Name something you find in an job,Work,OFFICE,38.0,MEETING,24.0,EMAIL,16.0,COMPUTER,10.0,DESK,7.0,CONFERENCE ROOM,5.0,synthetic_original,Popularity weights are modeled for gameplay; not real survey data and not copied from Famobi.
Q0096,Name one thing you find in an job,Work,OFFICE,38.0,MEETING,24.0,EMAIL,16.0,COMPUTER,10.0,DESK,7.0,CONFERENCE ROOM,5.0,synthetic_original,Popularity weights are modeled for gameplay; not real survey data and not copied from Famobi.
Q0097,Name something people do at job,Work,WORK,38.0,MEETINGS,24.0,EMAIL,16.0,LUNCH,10.0,PRESENTATIONS,7.0,TRAINING,5.0,synthetic_original,Popularity weights are modeled for gameplay; not real survey data and not copied from Famobi.
Q0098,Name one thing people do at job,Work,WORK,38.0,MEETINGS,24.0,EMAIL,16.0,LUNCH,10.0,PRESENTATIONS,7.0,TRAINING,5.0,synthetic_original,Popularity weights are modeled for gameplay; not real survey data and not copied from Famobi.
Q0099,Name something you bring to job,Work,LAPTOP,38.0,NOTEBOOK,24.0,COFFEE,16.0,PHONE,10.0,ID,7.0,LUNCH,5.0,synthetic_original,Popularity weights are modeled for gameplay; not real survey data and not copied from Famobi.
Q0100,Name one thing you bring to job,Work,LAPTOP,38.0,NOTEBOOK,24.0,COFFEE,16.0,PHONE,10.0,ID,7.0,LUNCH,5.0,synthetic_original,Popularity weights are modeled for gameplay; not real survey data and not copied from Famobi.
Q0101,Name a reason someone might miss job,Work,TRAFFIC,38.0,ILLNESS,24.0,VACATION,16.0,APPOINTMENT,10.0,FAMILY EMERGENCY,7.0,OVERSLEEPING,5.0,synthetic_original,Popularity weights are modeled for gameplay; not real survey data and not copied from Famobi.
Q0102,Name your favorite reason someone might miss job,Work,TRAFFIC,38.0,ILLNESS,24.0,VACATION,16.0,APPOINTMENT,10.0,FAMILY EMERGENCY,7.0,OVERSLEEPING,5.0,synthetic_original,Popularity weights are modeled for gameplay; not real survey data and not copied from Famobi.
Q0103,Name a popular reason someone might miss job,Work,TRAFFIC,38.0,ILLNESS,24.0,VACATION,16.0,APPOINTMENT,10.0,FAMILY EMERGENCY,7.0,OVERSLEEPING,5.0,synthetic_original,Popularity weights are modeled for gameplay; not real survey data and not copied from Famobi.
Q0104,Name a clothing item,Fashion,SHIRT,38.0,JEANS,24.0,DRESS,16.0,JACKET,10.0,SWEATER,7.0,SHORTS,5.0,synthetic_original,Popularity weights are modeled for gameplay; not real survey data and not copied from Famobi.
Q0105,Name your favorite clothing item,Fashion,SHIRT,38.0,JEANS,24.0,DRESS,16.0,JACKET,10.0,SWEATER,7.0,SHORTS,5.0,synthetic_original,Popularity weights are modeled for gameplay; not real survey data and not copied from Famobi.
Q0106,Name a popular clothing item,Fashion,SHIRT,38.0,JEANS,24.0,DRESS,16.0,JACKET,10.0,SWEATER,7.0,SHORTS,5.0,synthetic_original,Popularity weights are modeled for gameplay; not real survey data and not copied from Famobi.
Q0107,Name something you wear on your clothing item,Fashion,HEAD,38.0,FEET,24.0,HANDS,16.0,FACE,10.0,WAIST,7.0,NECK,5.0,synthetic_original,Popularity weights are modeled for gameplay; not real survey data and not copied from Famobi.
Q0108,Name one thing you wear on your clothing item,Fashion,HEAD,38.0,FEET,24.0,HANDS,16.0,FACE,10.0,WAIST,7.0,NECK,5.0,synthetic_original,Popularity weights are modeled for gameplay; not real survey data and not copied from Famobi.
Q0109,Name a clothing item accessory,Fashion,WATCH,38.0,HAT,24.0,BELT,16.0,SCARF,10.0,SUNGLASSES,7.0,BAG,5.0,synthetic_original,Popularity weights are modeled for gameplay; not real survey data and not copied from Famobi.
Q0110,Name your favorite clothing item accessory,Fashion,WATCH,38.0,HAT,24.0,BELT,16.0,SCARF,10.0,SUNGLASSES,7.0,BAG,5.0,synthetic_original,Popularity weights are modeled for gameplay; not real survey data and not copied from Famobi.
Q0111,Name a popular clothing item accessory,Fashion,WATCH,38.0,HAT,24.0,BELT,16.0,SCARF,10.0,SUNGLASSES,7.0,BAG,5.0,synthetic_original,Popularity weights are modeled for gameplay; not real survey data and not copied from Famobi.
Q0112,Name something people wear to a clothing item,Fashion,WEDDING,38.0,PARTY,24.0,INTERVIEW,16.0,BEACH,10.0,GYM,7.0,FUNERAL,5.0,synthetic_original,Popularity weights are modeled for gameplay; not real survey data and not copied from Famobi.
Q0113,Name one thing people wear to a clothing item,Fashion,WEDDING,38.0,PARTY,24.0,INTERVIEW,16.0,BEACH,10.0,GYM,7.0,FUNERAL,5.0,synthetic_original,Popularity weights are modeled for gameplay; not real survey data and not copied from Famobi.
Q0114,Name a natural feature,Nature,TREE,38.0,FLOWER,24.0,MOUNTAIN,16.0,RIVER,10.0,LAKE,7.0,WATERFALL,5.0,synthetic_original,Popularity weights are modeled for gameplay; not real survey data and not copied from Famobi.
Q0115,Name your favorite natural feature,Nature,TREE,38.0,FLOWER,24.0,MOUNTAIN,16.0,RIVER,10.0,LAKE,7.0,WATERFALL,5.0,synthetic_original,Popularity weights are modeled for gameplay; not real survey data and not copied from Famobi.
Q0116,Name a popular natural feature,Nature,TREE,38.0,FLOWER,24.0,MOUNTAIN,16.0,RIVER,10.0,LAKE,7.0,WATERFALL,5.0,synthetic_original,Popularity weights are modeled for gameplay; not real survey data and not copied from Famobi.
Q0117,Name something you see in a natural feature,Nature,FOREST,38.0,DESERT,24.0,OCEAN,16.0,GARDEN,10.0,PARK,7.0,MOUNTAIN,5.0,synthetic_original,Popularity weights are modeled for gameplay; not real survey data and not copied from Famobi.
Q0118,Name one thing you see in a natural feature,Nature,FOREST,38.0,DESERT,24.0,OCEAN,16.0,GARDEN,10.0,PARK,7.0,MOUNTAIN,5.0,synthetic_original,Popularity weights are modeled for gameplay; not real survey data and not copied from Famobi.
Q0119,Name a type of natural feature,Nature,WEATHER,38.0,STORM,24.0,CLOUD,16.0,FLOWER,10.0,TREE,7.0,ROCK,5.0,synthetic_original,Popularity weights are modeled for gameplay; not real survey data and not copied from Famobi.
Q0120,Name your favorite type of natural feature,Nature,WEATHER,38.0,STORM,24.0,CLOUD,16.0,FLOWER,10.0,TREE,7.0,ROCK,5.0,synthetic_original,Popularity weights are modeled for gameplay; not real survey data and not copied from Famobi.
Q0121,Name a popular type of natural feature,Nature,WEATHER,38.0,STORM,24.0,CLOUD,16.0,FLOWER,10.0,TREE,7.0,ROCK,5.0,synthetic_original,Popularity weights are modeled for gameplay; not real survey data and not copied from Famobi.
Q0122,Name something found in the natural feature,Nature,OCEAN,38.0,FOREST,24.0,DESERT,16.0,JUNGLE,10.0,RIVER,7.0,GARDEN,5.0,synthetic_original,Popularity weights are modeled for gameplay; not real survey data and not copied from Famobi.
Q0123,Name one thing found in the natural feature,Nature,OCEAN,38.0,FOREST,24.0,DESERT,16.0,JUNGLE,10.0,RIVER,7.0,GARDEN,5.0,synthetic_original,Popularity weights are modeled for gameplay; not real survey data and not copied from Famobi.
Q0124,Name a holiday,Holidays,CHRISTMAS,38.0,HALLOWEEN,24.0,THANKSGIVING,16.0,EASTER,10.0,NEW YEAR'S,7.0,VALENTINE'S DAY,5.0,synthetic_original,Popularity weights are modeled for gameplay; not real survey data and not copied from Famobi.
Q0125,Name your favorite holiday,Holidays,CHRISTMAS,38.0,HALLOWEEN,24.0,THANKSGIVING,16.0,EASTER,10.0,NEW YEAR'S,7.0,VALENTINE'S DAY,5.0,synthetic_original,Popularity weights are modeled for gameplay; not real survey data and not copied from Famobi.
Q0126,Name a popular holiday,Holidays,CHRISTMAS,38.0,HALLOWEEN,24.0,THANKSGIVING,16.0,EASTER,10.0,NEW YEAR'S,7.0,VALENTINE'S DAY,5.0,synthetic_original,Popularity weights are modeled for gameplay; not real survey data and not copied from Famobi.
Q0127,Name something associated with holiday,Holidays,CHRISTMAS,38.0,HALLOWEEN,24.0,THANKSGIVING,16.0,EASTER,10.0,NEW YEAR'S,7.0,VALENTINE'S DAY,5.0,synthetic_original,Popularity weights are modeled for gameplay; not real survey data and not copied from Famobi.
Q0128,Name one thing associated with holiday,Holidays,CHRISTMAS,38.0,HALLOWEEN,24.0,THANKSGIVING,16.0,EASTER,10.0,NEW YEAR'S,7.0,VALENTINE'S DAY,5.0,synthetic_original,Popularity weights are modeled for gameplay; not real survey data and not copied from Famobi.
Q0129,Name something people holiday on a holiday,Holidays,EAT,38.0,DECORATE,24.0,TRAVEL,16.0,GIFT,10.0,WATCH,7.0,CELEBRATE,5.0,synthetic_original,Popularity weights are modeled for gameplay; not real survey data and not copied from Famobi.
Q0130,Name one thing people holiday on a holiday,Holidays,EAT,38.0,DECORATE,24.0,TRAVEL,16.0,GIFT,10.0,WATCH,7.0,CELEBRATE,5.0,synthetic_original,Popularity weights are modeled for gameplay; not real survey data and not copied from Famobi.
Q0131,Name something you never leave daily activity without,Daily Life,PHONE,38.0,WALLET,24.0,KEYS,16.0,SHOES,10.0,WATCH,7.0,ID,5.0,synthetic_original,Popularity weights are modeled for gameplay; not real survey data and not copied from Famobi.
Q0132,Name one thing you never leave daily activity without,Daily Life,PHONE,38.0,WALLET,24.0,KEYS,16.0,SHOES,10.0,WATCH,7.0,ID,5.0,synthetic_original,Popularity weights are modeled for gameplay; not real survey data and not copied from Famobi.
Q0133,Name something people do before daily activity,Daily Life,BED,38.0,WORK,24.0,SCHOOL,16.0,DINNER,10.0,A TRIP,7.0,A PARTY,5.0,synthetic_original,Popularity weights are modeled for gameplay; not real survey data and not copied from Famobi.
Q0134,Name one thing people do before daily activity,Daily Life,BED,38.0,WORK,24.0,SCHOOL,16.0,DINNER,10.0,A TRIP,7.0,A PARTY,5.0,synthetic_original,Popularity weights are modeled for gameplay; not real survey data and not copied from Famobi.
Q0135,Name something people do when they are daily activity,Daily Life,BORED,38.0,TIRED,24.0,HUNGRY,16.0,HAPPY,10.0,ANGRY,7.0,STRESSED,5.0,synthetic_original,Popularity weights are modeled for gameplay; not real survey data and not copied from Famobi.
Q0136,Name one thing people do when they are daily activity,Daily Life,BORED,38.0,TIRED,24.0,HUNGRY,16.0,HAPPY,10.0,ANGRY,7.0,STRESSED,5.0,synthetic_original,Popularity weights are modeled for gameplay; not real survey data and not copied from Famobi.
Q0137,Name something you can daily activity,Daily Life,BUY,38.0,BORROW,24.0,BREAK,16.0,LOSE,10.0,FORGET,7.0,SHARE,5.0,synthetic_original,Popularity weights are modeled for gameplay; not real survey data and not copied from Famobi.
Q0138,Name one thing you can daily activity,Daily Life,BUY,38.0,BORROW,24.0,BREAK,16.0,LOSE,10.0,FORGET,7.0,SHARE,5.0,synthetic_original,Popularity weights are modeled for gameplay; not real survey data and not copied from Famobi.
Q0139,Name something families do family,Family,TOGETHER,38.0,ON WEEKENDS,24.0,AT HOME,16.0,ON VACATION,10.0,FOR FUN,7.0,AT DINNER,5.0,synthetic_original,Popularity weights are modeled for gameplay; not real survey data and not copied from Famobi.
Q0140,Name one thing families do family,Family,TOGETHER,38.0,ON WEEKENDS,24.0,AT HOME,16.0,ON VACATION,10.0,FOR FUN,7.0,AT DINNER,5.0,synthetic_original,Popularity weights are modeled for gameplay; not real survey data and not copied from Famobi.
Q0141,Name something a family might give you,Family,PARENT,38.0,FRIEND,24.0,SIBLING,16.0,GRANDPARENT,10.0,SPOUSE,7.0,CHILD,5.0,synthetic_original,Popularity weights are modeled for gameplay; not real survey data and not copied from Famobi.
Q0142,Name one thing a family might give you,Family,PARENT,38.0,FRIEND,24.0,SIBLING,16.0,GRANDPARENT,10.0,SPOUSE,7.0,CHILD,5.0,synthetic_original,Popularity weights are modeled for gameplay; not real survey data and not copied from Famobi.
Q0143,Name a family activity,Family,FAMILY,38.0,WEEKEND,24.0,BIRTHDAY,16.0,HOLIDAY,10.0,SUMMER,7.0,OUTDOOR,5.0,synthetic_original,Popularity weights are modeled for gameplay; not real survey data and not copied from Famobi.
Q0144,Name your favorite family activity,Family,FAMILY,38.0,WEEKEND,24.0,BIRTHDAY,16.0,HOLIDAY,10.0,SUMMER,7.0,OUTDOOR,5.0,synthetic_original,Popularity weights are modeled for gameplay; not real survey data and not copied from Famobi.
Q0145,Name a popular family activity,Family,FAMILY,38.0,WEEKEND,24.0,BIRTHDAY,16.0,HOLIDAY,10.0,SUMMER,7.0,OUTDOOR,5.0,synthetic_original,Popularity weights are modeled for gameplay; not real survey data and not copied from Famobi.
Q0146,Name something people buy at a store,Shopping,SUPERMARKET,38.0,MALL,24.0,PHARMACY,16.0,HARDWARE STORE,10.0,DEPARTMENT STORE,7.0,CONVENIENCE STORE,5.0,synthetic_original,Popularity weights are modeled for gameplay; not real survey data and not copied from Famobi.
Q0147,Name one thing people buy at a store,Shopping,SUPERMARKET,38.0,MALL,24.0,PHARMACY,16.0,HARDWARE STORE,10.0,DEPARTMENT STORE,7.0,CONVENIENCE STORE,5.0,synthetic_original,Popularity weights are modeled for gameplay; not real survey data and not copied from Famobi.
Q0148,Name something people shop for store,Shopping,ONLINE,38.0,AT A MALL,24.0,FOR GROCERIES,16.0,FOR CLOTHES,10.0,FOR GIFTS,7.0,DURING SALES,5.0,synthetic_original,Popularity weights are modeled for gameplay; not real survey data and not copied from Famobi.
Q0149,Name one thing people shop for store,Shopping,ONLINE,38.0,AT A MALL,24.0,FOR GROCERIES,16.0,FOR CLOTHES,10.0,FOR GIFTS,7.0,DURING SALES,5.0,synthetic_original,Popularity weights are modeled for gameplay; not real survey data and not copied from Famobi.
Q0150,Name something that often goes on store,Shopping,SALE,38.0,CLEARANCE,24.0,BACKORDER,16.0,A SHOPPING LIST,10.0,A RECEIPT,7.0,A CREDIT CARD,5.0,synthetic_original,Popularity weights are modeled for gameplay; not real survey data and not copied from Famobi.
Q0151,Name one thing that often goes on store,Shopping,SALE,38.0,CLEARANCE,24.0,BACKORDER,16.0,A SHOPPING LIST,10.0,A RECEIPT,7.0,A CREDIT CARD,5.0,synthetic_original,Popularity weights are modeled for gameplay; not real survey data and not copied from Famobi.
Q0152,Name something you see at a event,Party,PARTY,38.0,BIRTHDAY,24.0,WEDDING,16.0,CONCERT,10.0,BARBECUE,7.0,PICNIC,5.0,synthetic_original,Popularity weights are modeled for gameplay; not real survey data and not copied from Famobi.
Q0153,Name one thing you see at a event,Party,PARTY,38.0,BIRTHDAY,24.0,WEDDING,16.0,CONCERT,10.0,BARBECUE,7.0,PICNIC,5.0,synthetic_original,Popularity weights are modeled for gameplay; not real survey data and not copied from Famobi.
Q0154,Name something people do at a event,Party,PARTY,38.0,WEDDING,24.0,BIRTHDAY,16.0,CONCERT,10.0,BARBECUE,7.0,PICNIC,5.0,synthetic_original,Popularity weights are modeled for gameplay; not real survey data and not copied from Famobi.
Q0155,Name one thing people do at a event,Party,PARTY,38.0,WEDDING,24.0,BIRTHDAY,16.0,CONCERT,10.0,BARBECUE,7.0,PICNIC,5.0,synthetic_original,Popularity weights are modeled for gameplay; not real survey data and not copied from Famobi.
Q0156,Name a event food,Party,PARTY,38.0,BIRTHDAY,24.0,PICNIC,16.0,BARBECUE,10.0,WEDDING,7.0,GAME NIGHT,5.0,synthetic_original,Popularity weights are modeled for gameplay; not real survey data and not copied from Famobi.
Q0157,Name your favorite event food,Party,PARTY,38.0,BIRTHDAY,24.0,PICNIC,16.0,BARBECUE,10.0,WEDDING,7.0,GAME NIGHT,5.0,synthetic_original,Popularity weights are modeled for gameplay; not real survey data and not copied from Famobi.
Q0158,Name a popular event food,Party,PARTY,38.0,BIRTHDAY,24.0,PICNIC,16.0,BARBECUE,10.0,WEDDING,7.0,GAME NIGHT,5.0,synthetic_original,Popularity weights are modeled for gameplay; not real survey data and not copied from Famobi.
Q0159,Name a vehicle,Transportation,CAR,38.0,TRUCK,24.0,BUS,16.0,TRAIN,10.0,AIRPLANE,7.0,MOTORCYCLE,5.0,synthetic_original,Popularity weights are modeled for gameplay; not real survey data and not copied from Famobi.
Q0160,Name your favorite vehicle,Transportation,CAR,38.0,TRUCK,24.0,BUS,16.0,TRAIN,10.0,AIRPLANE,7.0,MOTORCYCLE,5.0,synthetic_original,Popularity weights are modeled for gameplay; not real survey data and not copied from Famobi.
Q0161,Name a popular vehicle,Transportation,CAR,38.0,TRUCK,24.0,BUS,16.0,TRAIN,10.0,AIRPLANE,7.0,MOTORCYCLE,5.0,synthetic_original,Popularity weights are modeled for gameplay; not real survey data and not copied from Famobi.
Q0162,Name something you find in a vehicle,Transportation,CAR,38.0,BUS,24.0,TRAIN,16.0,AIRPLANE,10.0,GARAGE,7.0,PARKING LOT,5.0,synthetic_original,Popularity weights are modeled for gameplay; not real survey data and not copied from Famobi.
Q0163,Name one thing you find in a vehicle,Transportation,CAR,38.0,BUS,24.0,TRAIN,16.0,AIRPLANE,10.0,GARAGE,7.0,PARKING LOT,5.0,synthetic_original,Popularity weights are modeled for gameplay; not real survey data and not copied from Famobi.
Q0164,Name something people do while vehicle,Transportation,DRIVING,38.0,FLYING,24.0,RIDING A BUS,16.0,WAITING FOR A TRAIN,10.0,COMMUTING,7.0,ON A ROAD TRIP,5.0,synthetic_original,Popularity weights are modeled for gameplay; not real survey data and not copied from Famobi.
Q0165,Name one thing people do while vehicle,Transportation,DRIVING,38.0,FLYING,24.0,RIDING A BUS,16.0,WAITING FOR A TRAIN,10.0,COMMUTING,7.0,ON A ROAD TRIP,5.0,synthetic_original,Popularity weights are modeled for gameplay; not real survey data and not copied from Famobi.
Q0166,Name an exercise people exercise,Health & Fitness,RUN,38.0,WALK,24.0,LIFT WEIGHTS,16.0,SWIM,10.0,CYCLE,7.0,STRETCH,5.0,synthetic_original,Popularity weights are modeled for gameplay; not real survey data and not copied from Famobi.
Q0167,Name a common exercise people exercise,Health & Fitness,RUN,38.0,WALK,24.0,LIFT WEIGHTS,16.0,SWIM,10.0,CYCLE,7.0,STRETCH,5.0,synthetic_original,Popularity weights are modeled for gameplay; not real survey data and not copied from Famobi.
Q0168,Name something found at a exercise,Health & Fitness,GYM,38.0,DOCTOR'S OFFICE,24.0,HOSPITAL,16.0,PHARMACY,10.0,FITNESS CENTER,7.0,POOL,5.0,synthetic_original,Popularity weights are modeled for gameplay; not real survey data and not copied from Famobi.
Q0169,Name one thing found at a exercise,Health & Fitness,GYM,38.0,DOCTOR'S OFFICE,24.0,HOSPITAL,16.0,PHARMACY,10.0,FITNESS CENTER,7.0,POOL,5.0,synthetic_original,Popularity weights are modeled for gameplay; not real survey data and not copied from Famobi.
Q0170,Name something people do to stay exercise,Health & Fitness,HEALTHY,38.0,FIT,24.0,STRONG,16.0,ACTIVE,10.0,RELAXED,7.0,HYDRATED,5.0,synthetic_original,Popularity weights are modeled for gameplay; not real survey data and not copied from Famobi.
Q0171,Name one thing people do to stay exercise,Health & Fitness,HEALTHY,38.0,FIT,24.0,STRONG,16.0,ACTIVE,10.0,RELAXED,7.0,HYDRATED,5.0,synthetic_original,Popularity weights are modeled for gameplay; not real survey data and not copied from Famobi.
Q0172,Name something people use money on,Money,SPEND,38.0,SAVE,24.0,BORROW,16.0,INVEST,10.0,WASTE,7.0,EARN,5.0,synthetic_original,Popularity weights are modeled for gameplay; not real survey data and not copied from Famobi.
Q0173,Name one thing people use money on,Money,SPEND,38.0,SAVE,24.0,BORROW,16.0,INVEST,10.0,WASTE,7.0,EARN,5.0,synthetic_original,Popularity weights are modeled for gameplay; not real survey data and not copied from Famobi.
Q0174,Name something people pay use,Money,RENT,38.0,BILLS,24.0,TAXES,16.0,GROCERIES,10.0,GAS,7.0,INSURANCE,5.0,synthetic_original,Popularity weights are modeled for gameplay; not real survey data and not copied from Famobi.
Q0175,Name one thing people pay use,Money,RENT,38.0,BILLS,24.0,TAXES,16.0,GROCERIES,10.0,GAS,7.0,INSURANCE,5.0,synthetic_original,Popularity weights are modeled for gameplay; not real survey data and not copied from Famobi.
Q0176,Name a way to use money,Money,SAVE,38.0,EARN,24.0,INVEST,16.0,SPEND,10.0,BORROW,7.0,DONATE,5.0,synthetic_original,Popularity weights are modeled for gameplay; not real survey data and not copied from Famobi.
Q0177,Name your favorite way to use money,Money,SAVE,38.0,EARN,24.0,INVEST,16.0,SPEND,10.0,BORROW,7.0,DONATE,5.0,synthetic_original,Popularity weights are modeled for gameplay; not real survey data and not copied from Famobi.
Q0178,Name a popular way to use money,Money,SAVE,38.0,EARN,24.0,INVEST,16.0,SPEND,10.0,BORROW,7.0,DONATE,5.0,synthetic_original,Popularity weights are modeled for gameplay; not real survey data and not copied from Famobi.
Q0179,Name a way people communication method,Communication,COMMUNICATE,38.0,CALL,24.0,TEXT,16.0,MESSAGE,10.0,EMAIL,7.0,VIDEO CHAT,5.0,synthetic_original,Popularity weights are modeled for gameplay; not real survey data and not copied from Famobi.
Q0180,Name your favorite way people communication method,Communication,COMMUNICATE,38.0,CALL,24.0,TEXT,16.0,MESSAGE,10.0,EMAIL,7.0,VIDEO CHAT,5.0,synthetic_original,Popularity weights are modeled for gameplay; not real survey data and not copied from Famobi.
Q0181,Name a popular way people communication method,Communication,COMMUNICATE,38.0,CALL,24.0,TEXT,16.0,MESSAGE,10.0,EMAIL,7.0,VIDEO CHAT,5.0,synthetic_original,Popularity weights are modeled for gameplay; not real survey data and not copied from Famobi.
Q0182,Name something people send in a communication method,Communication,TEXT,38.0,EMAIL,24.0,LETTER,16.0,PACKAGE,10.0,MESSAGE,7.0,POST,5.0,synthetic_original,Popularity weights are modeled for gameplay; not real survey data and not copied from Famobi.
Q0183,Name one thing people send in a communication method,Communication,TEXT,38.0,EMAIL,24.0,LETTER,16.0,PACKAGE,10.0,MESSAGE,7.0,POST,5.0,synthetic_original,Popularity weights are modeled for gameplay; not real survey data and not copied from Famobi.
Q0184,Name something you might say when communication method,Communication,ANSWERING THE PHONE,38.0,MEETING SOMEONE,24.0,LEAVING,16.0,APOLOGIZING,10.0,CELEBRATING,7.0,SAYING GOODBYE,5.0,synthetic_original,Popularity weights are modeled for gameplay; not real survey data and not copied from Famobi.
Q0185,Name one thing you might say when communication method,Communication,ANSWERING THE PHONE,38.0,MEETING SOMEONE,24.0,LEAVING,16.0,APOLOGIZING,10.0,CELEBRATING,7.0,SAYING GOODBYE,5.0,synthetic_original,Popularity weights are modeled for gameplay; not real survey data and not copied from Famobi.
Q0186,Name a game game,Games,BOARD,38.0,CARD,24.0,PARTY,16.0,VIDEO,10.0,MOBILE,7.0,WORD,5.0,synthetic_original,Popularity weights are modeled for gameplay; not real survey data and not copied from Famobi.
Q0187,Name your favorite game game,Games,BOARD,38.0,CARD,24.0,PARTY,16.0,VIDEO,10.0,MOBILE,7.0,WORD,5.0,synthetic_original,Popularity weights are modeled for gameplay; not real survey data and not copied from Famobi.
Q0188,Name a popular game game,Games,BOARD,38.0,CARD,24.0,PARTY,16.0,VIDEO,10.0,MOBILE,7.0,WORD,5.0,synthetic_original,Popularity weights are modeled for gameplay; not real survey data and not copied from Famobi.
Q0189,Name something used in a game,Games,BOARD GAME,38.0,CARD GAME,24.0,VIDEO GAME,16.0,PARTY GAME,10.0,ARCADE GAME,7.0,PUZZLE,5.0,synthetic_original,Popularity weights are modeled for gameplay; not real survey data and not copied from Famobi.
Q0190,Name one thing used in a game,Games,BOARD GAME,38.0,CARD GAME,24.0,VIDEO GAME,16.0,PARTY GAME,10.0,ARCADE GAME,7.0,PUZZLE,5.0,synthetic_original,Popularity weights are modeled for gameplay; not real survey data and not copied from Famobi.
Q0191,Name a game game people play with friends,Games,CARD,38.0,BOARD,24.0,PARTY,16.0,VIDEO,10.0,WORD,7.0,SPORTS,5.0,synthetic_original,Popularity weights are modeled for gameplay; not real survey data and not copied from Famobi.
Q0192,Name your favorite game game people play with friends,Games,CARD,38.0,BOARD,24.0,PARTY,16.0,VIDEO,10.0,WORD,7.0,SPORTS,5.0,synthetic_original,Popularity weights are modeled for gameplay; not real survey data and not copied from Famobi.
Q0193,Name a popular game game people play with friends,Games,CARD,38.0,BOARD,24.0,PARTY,16.0,VIDEO,10.0,WORD,7.0,SPORTS,5.0,synthetic_original,Popularity weights are modeled for gameplay; not real survey data and not copied from Famobi.
Q0194,Name a color,Colors,RED,38.0,BLUE,24.0,GREEN,16.0,YELLOW,10.0,PURPLE,7.0,ORANGE,5.0,synthetic_original,Popularity weights are modeled for gameplay; not real survey data and not copied from Famobi.
Q0195,Name your favorite color,Colors,RED,38.0,BLUE,24.0,GREEN,16.0,YELLOW,10.0,PURPLE,7.0,ORANGE,5.0,synthetic_original,Popularity weights are modeled for gameplay; not real survey data and not copied from Famobi.
Q0196,Name a popular color,Colors,RED,38.0,BLUE,24.0,GREEN,16.0,YELLOW,10.0,PURPLE,7.0,ORANGE,5.0,synthetic_original,Popularity weights are modeled for gameplay; not real survey data and not copied from Famobi.
Q0197,Name something commonly color,Colors,RED,38.0,BLUE,24.0,GREEN,16.0,YELLOW,10.0,BLACK,7.0,WHITE,5.0,synthetic_original,Popularity weights are modeled for gameplay; not real survey data and not copied from Famobi.
Q0198,Name one thing commonly color,Colors,RED,38.0,BLUE,24.0,GREEN,16.0,YELLOW,10.0,BLACK,7.0,WHITE,5.0,synthetic_original,Popularity weights are modeled for gameplay; not real survey data and not copied from Famobi.
Q0199,Name a place people go to place,Places,EAT,38.0,SHOP,24.0,RELAX,16.0,EXERCISE,10.0,STUDY,7.0,HAVE FUN,5.0,synthetic_original,Popularity weights are modeled for gameplay; not real survey data and not copied from Famobi.
Q0200,Name your favorite place people go to place,Places,EAT,38.0,SHOP,24.0,RELAX,16.0,EXERCISE,10.0,STUDY,7.0,HAVE FUN,5.0,synthetic_original,Popularity weights are modeled for gameplay; not real survey data and not copied from Famobi.
Q0201,Name a popular place people go to place,Places,EAT,38.0,SHOP,24.0,RELAX,16.0,EXERCISE,10.0,STUDY,7.0,HAVE FUN,5.0,synthetic_original,Popularity weights are modeled for gameplay; not real survey data and not copied from Famobi.
Q0202,Name a place you might see a place,Places,DOCTOR,38.0,TEACHER,24.0,POLICE OFFICER,16.0,CHEF,10.0,ATHLETE,7.0,PILOT,5.0,synthetic_original,Popularity weights are modeled for gameplay; not real survey data and not copied from Famobi.
Q0203,Name your favorite place you might see a place,Places,DOCTOR,38.0,TEACHER,24.0,POLICE OFFICER,16.0,CHEF,10.0,ATHLETE,7.0,PILOT,5.0,synthetic_original,Popularity weights are modeled for gameplay; not real survey data and not copied from Famobi.
Q0204,Name a popular place you might see a place,Places,DOCTOR,38.0,TEACHER,24.0,POLICE OFFICER,16.0,CHEF,10.0,ATHLETE,7.0,PILOT,5.0,synthetic_original,Popularity weights are modeled for gameplay; not real survey data and not copied from Famobi.
Q0205,Name something that comes in object,Objects,PAIRS,38.0,BOXES,24.0,BOTTLES,16.0,CANS,10.0,BAGS,7.0,PACKS,5.0,synthetic_original,Popularity weights are modeled for gameplay; not real survey data and not copied from Famobi.
Q0206,Name one thing that comes in object,Objects,PAIRS,38.0,BOXES,24.0,BOTTLES,16.0,CANS,10.0,BAGS,7.0,PACKS,5.0,synthetic_original,Popularity weights are modeled for gameplay; not real survey data and not copied from Famobi.
Q0207,Name something you can object,Objects,OPEN,38.0,CLOSE,24.0,BREAK,16.0,THROW,10.0,CARRY,7.0,FOLD,5.0,synthetic_original,Popularity weights are modeled for gameplay; not real survey data and not copied from Famobi.
Q0208,Name one thing you can object,Objects,OPEN,38.0,CLOSE,24.0,BREAK,16.0,THROW,10.0,CARRY,7.0,FOLD,5.0,synthetic_original,Popularity weights are modeled for gameplay; not real survey data and not copied from Famobi.
Q0209,Name a food commonly found at breakfast,Food,PIZZA,38.0,BURGER,24.0,FRIES,16.0,CHICKEN,10.0,PASTA,7.0,ICE CREAM,5.0,synthetic_original,Modeled popularity weights; not real survey data and not copied from Famobi.
Q0210,Name a food commonly found for lunch,Food,PIZZA,38.0,BURGER,24.0,FRIES,16.0,CHICKEN,10.0,PASTA,7.0,ICE CREAM,5.0,synthetic_original,Modeled popularity weights; not real survey data and not copied from Famobi.
Q0211,Name a food commonly found for dinner,Food,PIZZA,38.0,BURGER,24.0,FRIES,16.0,CHICKEN,10.0,PASTA,7.0,ICE CREAM,5.0,synthetic_original,Modeled popularity weights; not real survey data and not copied from Famobi.
Q0212,Name a food commonly found at a restaurant,Food,PIZZA,38.0,BURGER,24.0,FRIES,16.0,CHICKEN,10.0,PASTA,7.0,ICE CREAM,5.0,synthetic_original,Modeled popularity weights; not real survey data and not copied from Famobi.
Q0213,Name a food commonly found at a barbecue,Food,PIZZA,38.0,BURGER,24.0,FRIES,16.0,CHICKEN,10.0,PASTA,7.0,ICE CREAM,5.0,synthetic_original,Modeled popularity weights; not real survey data and not copied from Famobi.
Q0214,Name a food commonly found at a picnic,Food,PIZZA,38.0,BURGER,24.0,FRIES,16.0,CHICKEN,10.0,PASTA,7.0,ICE CREAM,5.0,synthetic_original,Modeled popularity weights; not real survey data and not copied from Famobi.
Q0215,Name a food commonly found at a party,Food,PIZZA,38.0,BURGER,24.0,FRIES,16.0,CHICKEN,10.0,PASTA,7.0,ICE CREAM,5.0,synthetic_original,Modeled popularity weights; not real survey data and not copied from Famobi.
Q0216,Name a food commonly found as a snack,Food,PIZZA,38.0,BURGER,24.0,FRIES,16.0,CHICKEN,10.0,PASTA,7.0,ICE CREAM,5.0,synthetic_original,Modeled popularity weights; not real survey data and not copied from Famobi.
Q0217,Name a food commonly found on a road trip,Food,PIZZA,38.0,BURGER,24.0,FRIES,16.0,CHICKEN,10.0,PASTA,7.0,ICE CREAM,5.0,synthetic_original,Modeled popularity weights; not real survey data and not copied from Famobi.
Q0218,Name a food commonly found at a movie theater,Food,PIZZA,38.0,BURGER,24.0,FRIES,16.0,CHICKEN,10.0,PASTA,7.0,ICE CREAM,5.0,synthetic_original,Modeled popularity weights; not real survey data and not copied from Famobi.
Q0219,Name a food commonly found on a menu,Food,PIZZA,38.0,BURGER,24.0,FRIES,16.0,CHICKEN,10.0,PASTA,7.0,ICE CREAM,5.0,synthetic_original,Modeled popularity weights; not real survey data and not copied from Famobi.
Q0220,Name a food commonly found at a family dinner,Food,PIZZA,38.0,BURGER,24.0,FRIES,16.0,CHICKEN,10.0,PASTA,7.0,ICE CREAM,5.0,synthetic_original,Modeled popularity weights; not real survey data and not copied from Famobi.
Q0221,Name an animal you might see at a zoo,Animals,DOG,38.0,CAT,24.0,HORSE,16.0,COW,10.0,PIG,7.0,CHICKEN,5.0,synthetic_original,Modeled popularity weights; not real survey data and not copied from Famobi.
Q0222,Name an animal you might see on a farm,Animals,DOG,38.0,CAT,24.0,HORSE,16.0,COW,10.0,PIG,7.0,CHICKEN,5.0,synthetic_original,Modeled popularity weights; not real survey data and not copied from Famobi.
Q0223,Name an animal you might see in the wild,Animals,DOG,38.0,CAT,24.0,HORSE,16.0,COW,10.0,PIG,7.0,CHICKEN,5.0,synthetic_original,Modeled popularity weights; not real survey data and not copied from Famobi.
Q0224,Name an animal you might see as a pet,Animals,DOG,38.0,CAT,24.0,HORSE,16.0,COW,10.0,PIG,7.0,CHICKEN,5.0,synthetic_original,Modeled popularity weights; not real survey data and not copied from Famobi.
Q0225,Name an animal you might see in a forest,Animals,DOG,38.0,CAT,24.0,HORSE,16.0,COW,10.0,PIG,7.0,CHICKEN,5.0,synthetic_original,Modeled popularity weights; not real survey data and not copied from Famobi.
Q0226,Name an animal you might see in the ocean,Animals,DOG,38.0,CAT,24.0,HORSE,16.0,COW,10.0,PIG,7.0,CHICKEN,5.0,synthetic_original,Modeled popularity weights; not real survey data and not copied from Famobi.
Q0227,Name an animal you might see in a cartoon,Animals,DOG,38.0,CAT,24.0,HORSE,16.0,COW,10.0,PIG,7.0,CHICKEN,5.0,synthetic_original,Modeled popularity weights; not real survey data and not copied from Famobi.
Q0228,Name an animal you might see on a safari,Animals,DOG,38.0,CAT,24.0,HORSE,16.0,COW,10.0,PIG,7.0,CHICKEN,5.0,synthetic_original,Modeled popularity weights; not real survey data and not copied from Famobi.
Q0229,Name an animal you might see children love,Animals,DOG,38.0,CAT,24.0,HORSE,16.0,COW,10.0,PIG,7.0,CHICKEN,5.0,synthetic_original,Modeled popularity weights; not real survey data and not copied from Famobi.
Q0230,Name an animal you might see you might photograph,Animals,DOG,38.0,CAT,24.0,HORSE,16.0,COW,10.0,PIG,7.0,CHICKEN,5.0,synthetic_original,Modeled popularity weights; not real survey data and not copied from Famobi.
Q0231,Name an animal you might see you might fear,Animals,DOG,38.0,CAT,24.0,HORSE,16.0,COW,10.0,PIG,7.0,CHICKEN,5.0,synthetic_original,Modeled popularity weights; not real survey data and not copied from Famobi.
Q0232,Name an animal you might see you might see outdoors,Animals,DOG,38.0,CAT,24.0,HORSE,16.0,COW,10.0,PIG,7.0,CHICKEN,5.0,synthetic_original,Modeled popularity weights; not real survey data and not copied from Famobi.
Q0233,Name a place people might visit for a vacation,Travel,PARIS,38.0,LONDON,24.0,NEW YORK,16.0,TOKYO,10.0,ROME,7.0,DUBAI,5.0,synthetic_original,Modeled popularity weights; not real survey data and not copied from Famobi.
Q0234,Name a place people might visit for a weekend trip,Travel,PARIS,38.0,LONDON,24.0,NEW YORK,16.0,TOKYO,10.0,ROME,7.0,DUBAI,5.0,synthetic_original,Modeled popularity weights; not real survey data and not copied from Famobi.
Q0235,Name a place people might visit in Europe,Travel,PARIS,38.0,LONDON,24.0,NEW YORK,16.0,TOKYO,10.0,ROME,7.0,DUBAI,5.0,synthetic_original,Modeled popularity weights; not real survey data and not copied from Famobi.
Q0236,Name a place people might visit in Asia,Travel,PARIS,38.0,LONDON,24.0,NEW YORK,16.0,TOKYO,10.0,ROME,7.0,DUBAI,5.0,synthetic_original,Modeled popularity weights; not real survey data and not copied from Famobi.
Q0237,Name a place people might visit in the United States,Travel,PARIS,38.0,LONDON,24.0,NEW YORK,16.0,TOKYO,10.0,ROME,7.0,DUBAI,5.0,synthetic_original,Modeled popularity weights; not real survey data and not copied from Famobi.
Q0238,Name a place people might visit at the beach,Travel,PARIS,38.0,LONDON,24.0,NEW YORK,16.0,TOKYO,10.0,ROME,7.0,DUBAI,5.0,synthetic_original,Modeled popularity weights; not real survey data and not copied from Famobi.
Q0239,Name a place people might visit in a city,Travel,PARIS,38.0,LONDON,24.0,NEW YORK,16.0,TOKYO,10.0,ROME,7.0,DUBAI,5.0,synthetic_original,Modeled popularity weights; not real survey data and not copied from Famobi.
Q0240,Name a place people might visit in the mountains,Travel,PARIS,38.0,LONDON,24.0,NEW YORK,16.0,TOKYO,10.0,ROME,7.0,DUBAI,5.0,synthetic_original,Modeled popularity weights; not real survey data and not copied from Famobi.
Q0241,Name a place people might visit on a road trip,Travel,PARIS,38.0,LONDON,24.0,NEW YORK,16.0,TOKYO,10.0,ROME,7.0,DUBAI,5.0,synthetic_original,Modeled popularity weights; not real survey data and not copied from Famobi.
Q0242,Name a place people might visit at an airport,Travel,PARIS,38.0,LONDON,24.0,NEW YORK,16.0,TOKYO,10.0,ROME,7.0,DUBAI,5.0,synthetic_original,Modeled popularity weights; not real survey data and not copied from Famobi.
Q0243,Name a place people might visit on a cruise,Travel,PARIS,38.0,LONDON,24.0,NEW YORK,16.0,TOKYO,10.0,ROME,7.0,DUBAI,5.0,synthetic_original,Modeled popularity weights; not real survey data and not copied from Famobi.
Q0244,Name a place people might visit as a tourist,Travel,PARIS,38.0,LONDON,24.0,NEW YORK,16.0,TOKYO,10.0,ROME,7.0,DUBAI,5.0,synthetic_original,Modeled popularity weights; not real survey data and not copied from Famobi.
Q0245,Name something commonly found in a kitchen,Home,KITCHEN,38.0,BEDROOM,24.0,BATHROOM,16.0,LIVING ROOM,10.0,GARAGE,7.0,OFFICE,5.0,synthetic_original,Modeled popularity weights; not real survey data and not copied from Famobi.
Q0246,Name something commonly found in a bedroom,Home,KITCHEN,38.0,BEDROOM,24.0,BATHROOM,16.0,LIVING ROOM,10.0,GARAGE,7.0,OFFICE,5.0,synthetic_original,Modeled popularity weights; not real survey data and not copied from Famobi.
Q0247,Name something commonly found in a bathroom,Home,KITCHEN,38.0,BEDROOM,24.0,BATHROOM,16.0,LIVING ROOM,10.0,GARAGE,7.0,OFFICE,5.0,synthetic_original,Modeled popularity weights; not real survey data and not copied from Famobi.
Q0248,Name something commonly found in a living room,Home,KITCHEN,38.0,BEDROOM,24.0,BATHROOM,16.0,LIVING ROOM,10.0,GARAGE,7.0,OFFICE,5.0,synthetic_original,Modeled popularity weights; not real survey data and not copied from Famobi.
Q0249,Name something commonly found in a garage,Home,KITCHEN,38.0,BEDROOM,24.0,BATHROOM,16.0,LIVING ROOM,10.0,GARAGE,7.0,OFFICE,5.0,synthetic_original,Modeled popularity weights; not real survey data and not copied from Famobi.
Q0250,Name something commonly found in a home office,Home,KITCHEN,38.0,BEDROOM,24.0,BATHROOM,16.0,LIVING ROOM,10.0,GARAGE,7.0,OFFICE,5.0,synthetic_original,Modeled popularity weights; not real survey data and not copied from Famobi.
Q0251,Name something commonly found in a closet,Home,KITCHEN,38.0,BEDROOM,24.0,BATHROOM,16.0,LIVING ROOM,10.0,GARAGE,7.0,OFFICE,5.0,synthetic_original,Modeled popularity weights; not real survey data and not copied from Famobi.
Q0252,Name something commonly found on a dining table,Home,KITCHEN,38.0,BEDROOM,24.0,BATHROOM,16.0,LIVING ROOM,10.0,GARAGE,7.0,OFFICE,5.0,synthetic_original,Modeled popularity weights; not real survey data and not copied from Famobi.
Q0253,Name something commonly found in a refrigerator,Home,KITCHEN,38.0,BEDROOM,24.0,BATHROOM,16.0,LIVING ROOM,10.0,GARAGE,7.0,OFFICE,5.0,synthetic_original,Modeled popularity weights; not real survey data and not copied from Famobi.
Q0254,Name something commonly found in a laundry room,Home,KITCHEN,38.0,BEDROOM,24.0,BATHROOM,16.0,LIVING ROOM,10.0,GARAGE,7.0,OFFICE,5.0,synthetic_original,Modeled popularity weights; not real survey data and not copied from Famobi.
Q0255,Name something commonly found in a backyard,Home,KITCHEN,38.0,BEDROOM,24.0,BATHROOM,16.0,LIVING ROOM,10.0,GARAGE,7.0,OFFICE,5.0,synthetic_original,Modeled popularity weights; not real survey data and not copied from Famobi.
Q0256,Name something commonly found in a new home,Home,KITCHEN,38.0,BEDROOM,24.0,BATHROOM,16.0,LIVING ROOM,10.0,GARAGE,7.0,OFFICE,5.0,synthetic_original,Modeled popularity weights; not real survey data and not copied from Famobi.
Q0257,Name something students might use or encounter in elementary school,School,MATH,38.0,SCIENCE,24.0,ENGLISH,16.0,HISTORY,10.0,ART,7.0,GEOGRAPHY,5.0,synthetic_original,Modeled popularity weights; not real survey data and not copied from Famobi.
Q0258,Name something students might use or encounter in high school,School,MATH,38.0,SCIENCE,24.0,ENGLISH,16.0,HISTORY,10.0,ART,7.0,GEOGRAPHY,5.0,synthetic_original,Modeled popularity weights; not real survey data and not copied from Famobi.
Q0259,Name something students might use or encounter in college,School,MATH,38.0,SCIENCE,24.0,ENGLISH,16.0,HISTORY,10.0,ART,7.0,GEOGRAPHY,5.0,synthetic_original,Modeled popularity weights; not real survey data and not copied from Famobi.
Q0260,Name something students might use or encounter in a classroom,School,MATH,38.0,SCIENCE,24.0,ENGLISH,16.0,HISTORY,10.0,ART,7.0,GEOGRAPHY,5.0,synthetic_original,Modeled popularity weights; not real survey data and not copied from Famobi.
Q0261,Name something students might use or encounter in a backpack,School,MATH,38.0,SCIENCE,24.0,ENGLISH,16.0,HISTORY,10.0,ART,7.0,GEOGRAPHY,5.0,synthetic_original,Modeled popularity weights; not real survey data and not copied from Famobi.
Q0262,Name something students might use or encounter for homework,School,MATH,38.0,SCIENCE,24.0,ENGLISH,16.0,HISTORY,10.0,ART,7.0,GEOGRAPHY,5.0,synthetic_original,Modeled popularity weights; not real survey data and not copied from Famobi.
Q0263,Name something students might use or encounter before an exam,School,MATH,38.0,SCIENCE,24.0,ENGLISH,16.0,HISTORY,10.0,ART,7.0,GEOGRAPHY,5.0,synthetic_original,Modeled popularity weights; not real survey data and not copied from Famobi.
Q0264,Name something students might use or encounter during a school day,School,MATH,38.0,SCIENCE,24.0,ENGLISH,16.0,HISTORY,10.0,ART,7.0,GEOGRAPHY,5.0,synthetic_original,Modeled popularity weights; not real survey data and not copied from Famobi.
Q0265,Name something students might use or encounter in a library,School,MATH,38.0,SCIENCE,24.0,ENGLISH,16.0,HISTORY,10.0,ART,7.0,GEOGRAPHY,5.0,synthetic_original,Modeled popularity weights; not real survey data and not copied from Famobi.
Q0266,Name something students might use or encounter at lunch,School,MATH,38.0,SCIENCE,24.0,ENGLISH,16.0,HISTORY,10.0,ART,7.0,GEOGRAPHY,5.0,synthetic_original,Modeled popularity weights; not real survey data and not copied from Famobi.
Q0267,Name something students might use or encounter on a teacher's desk,School,MATH,38.0,SCIENCE,24.0,ENGLISH,16.0,HISTORY,10.0,ART,7.0,GEOGRAPHY,5.0,synthetic_original,Modeled popularity weights; not real survey data and not copied from Famobi.
Q0268,Name something students might use or encounter in a science class,School,MATH,38.0,SCIENCE,24.0,ENGLISH,16.0,HISTORY,10.0,ART,7.0,GEOGRAPHY,5.0,synthetic_original,Modeled popularity weights; not real survey data and not copied from Famobi.
Q0269,Name a sport or sports-related thing you might see on TV,Sports,FOOTBALL,38.0,BASKETBALL,24.0,SOCCER,16.0,BASEBALL,10.0,TENNIS,7.0,HOCKEY,5.0,synthetic_original,Modeled popularity weights; not real survey data and not copied from Famobi.
Q0270,Name a sport or sports-related thing you might see at a stadium,Sports,FOOTBALL,38.0,BASKETBALL,24.0,SOCCER,16.0,BASEBALL,10.0,TENNIS,7.0,HOCKEY,5.0,synthetic_original,Modeled popularity weights; not real survey data and not copied from Famobi.
Q0271,Name a sport or sports-related thing you might see at a gym,Sports,FOOTBALL,38.0,BASKETBALL,24.0,SOCCER,16.0,BASEBALL,10.0,TENNIS,7.0,HOCKEY,5.0,synthetic_original,Modeled popularity weights; not real survey data and not copied from Famobi.
Q0272,Name a sport or sports-related thing you might see in school,Sports,FOOTBALL,38.0,BASKETBALL,24.0,SOCCER,16.0,BASEBALL,10.0,TENNIS,7.0,HOCKEY,5.0,synthetic_original,Modeled popularity weights; not real survey data and not copied from Famobi.
Q0273,Name a sport or sports-related thing you might see with friends,Sports,FOOTBALL,38.0,BASKETBALL,24.0,SOCCER,16.0,BASEBALL,10.0,TENNIS,7.0,HOCKEY,5.0,synthetic_original,Modeled popularity weights; not real survey data and not copied from Famobi.
Q0274,Name a sport or sports-related thing you might see on the weekend,Sports,FOOTBALL,38.0,BASKETBALL,24.0,SOCCER,16.0,BASEBALL,10.0,TENNIS,7.0,HOCKEY,5.0,synthetic_original,Modeled popularity weights; not real survey data and not copied from Famobi.
Q0275,Name a sport or sports-related thing you might see in the Olympics,Sports,FOOTBALL,38.0,BASKETBALL,24.0,SOCCER,16.0,BASEBALL,10.0,TENNIS,7.0,HOCKEY,5.0,synthetic_original,Modeled popularity weights; not real survey data and not copied from Famobi.
Q0276,Name a sport or sports-related thing you might see professionally,Sports,FOOTBALL,38.0,BASKETBALL,24.0,SOCCER,16.0,BASEBALL,10.0,TENNIS,7.0,HOCKEY,5.0,synthetic_original,Modeled popularity weights; not real survey data and not copied from Famobi.
Q0277,Name a sport or sports-related thing you might see outdoors,Sports,FOOTBALL,38.0,BASKETBALL,24.0,SOCCER,16.0,BASEBALL,10.0,TENNIS,7.0,HOCKEY,5.0,synthetic_original,Modeled popularity weights; not real survey data and not copied from Famobi.
Q0278,Name a sport or sports-related thing you might see indoors,Sports,FOOTBALL,38.0,BASKETBALL,24.0,SOCCER,16.0,BASEBALL,10.0,TENNIS,7.0,HOCKEY,5.0,synthetic_original,Modeled popularity weights; not real survey data and not copied from Famobi.
Q0279,Name a sport or sports-related thing you might see on a field,Sports,FOOTBALL,38.0,BASKETBALL,24.0,SOCCER,16.0,BASEBALL,10.0,TENNIS,7.0,HOCKEY,5.0,synthetic_original,Modeled popularity weights; not real survey data and not copied from Famobi.
Q0280,Name a sport or sports-related thing you might see on a court,Sports,FOOTBALL,38.0,BASKETBALL,24.0,SOCCER,16.0,BASEBALL,10.0,TENNIS,7.0,HOCKEY,5.0,synthetic_original,Modeled popularity weights; not real survey data and not copied from Famobi.
Q0281,Name something people might watch or play at home,Entertainment,SUPERHERO,38.0,MOVIE,24.0,TV SHOW,16.0,VIDEO GAME,10.0,CARTOON,7.0,COMIC,5.0,synthetic_original,Modeled popularity weights; not real survey data and not copied from Famobi.
Q0282,Name something people might watch or play on TV,Entertainment,SUPERHERO,38.0,MOVIE,24.0,TV SHOW,16.0,VIDEO GAME,10.0,CARTOON,7.0,COMIC,5.0,synthetic_original,Modeled popularity weights; not real survey data and not copied from Famobi.
Q0283,Name something people might watch or play on a streaming service,Entertainment,SUPERHERO,38.0,MOVIE,24.0,TV SHOW,16.0,VIDEO GAME,10.0,CARTOON,7.0,COMIC,5.0,synthetic_original,Modeled popularity weights; not real survey data and not copied from Famobi.
Q0284,Name something people might watch or play at a theater,Entertainment,SUPERHERO,38.0,MOVIE,24.0,TV SHOW,16.0,VIDEO GAME,10.0,CARTOON,7.0,COMIC,5.0,synthetic_original,Modeled popularity weights; not real survey data and not copied from Famobi.
Q0285,Name something people might watch or play on a phone,Entertainment,SUPERHERO,38.0,MOVIE,24.0,TV SHOW,16.0,VIDEO GAME,10.0,CARTOON,7.0,COMIC,5.0,synthetic_original,Modeled popularity weights; not real survey data and not copied from Famobi.
Q0286,Name something people might watch or play with friends,Entertainment,SUPERHERO,38.0,MOVIE,24.0,TV SHOW,16.0,VIDEO GAME,10.0,CARTOON,7.0,COMIC,5.0,synthetic_original,Modeled popularity weights; not real survey data and not copied from Famobi.
Q0287,Name something people might watch or play on a weekend,Entertainment,SUPERHERO,38.0,MOVIE,24.0,TV SHOW,16.0,VIDEO GAME,10.0,CARTOON,7.0,COMIC,5.0,synthetic_original,Modeled popularity weights; not real survey data and not copied from Famobi.
Q0288,Name something people might watch or play during a vacation,Entertainment,SUPERHERO,38.0,MOVIE,24.0,TV SHOW,16.0,VIDEO GAME,10.0,CARTOON,7.0,COMIC,5.0,synthetic_original,Modeled popularity weights; not real survey data and not copied from Famobi.
Q0289,Name something people might watch or play after work,Entertainment,SUPERHERO,38.0,MOVIE,24.0,TV SHOW,16.0,VIDEO GAME,10.0,CARTOON,7.0,COMIC,5.0,synthetic_original,Modeled popularity weights; not real survey data and not copied from Famobi.
Q0290,Name something people might watch or play before bed,Entertainment,SUPERHERO,38.0,MOVIE,24.0,TV SHOW,16.0,VIDEO GAME,10.0,CARTOON,7.0,COMIC,5.0,synthetic_original,Modeled popularity weights; not real survey data and not copied from Famobi.
Q0291,Name something people might watch or play at a party,Entertainment,SUPERHERO,38.0,MOVIE,24.0,TV SHOW,16.0,VIDEO GAME,10.0,CARTOON,7.0,COMIC,5.0,synthetic_original,Modeled popularity weights; not real survey data and not copied from Famobi.
Q0292,Name something people might watch or play online,Entertainment,SUPERHERO,38.0,MOVIE,24.0,TV SHOW,16.0,VIDEO GAME,10.0,CARTOON,7.0,COMIC,5.0,synthetic_original,Modeled popularity weights; not real survey data and not copied from Famobi.
Q0293,Name a technology device or brand people use at work,Technology,SMARTPHONE,38.0,LAPTOP,24.0,TABLET,16.0,SMARTWATCH,10.0,DESKTOP COMPUTER,7.0,GAME CONSOLE,5.0,synthetic_original,Modeled popularity weights; not real survey data and not copied from Famobi.
Q0294,Name a technology device or brand people use at home,Technology,SMARTPHONE,38.0,LAPTOP,24.0,TABLET,16.0,SMARTWATCH,10.0,DESKTOP COMPUTER,7.0,GAME CONSOLE,5.0,synthetic_original,Modeled popularity weights; not real survey data and not copied from Famobi.
Q0295,Name a technology device or brand people use at school,Technology,SMARTPHONE,38.0,LAPTOP,24.0,TABLET,16.0,SMARTWATCH,10.0,DESKTOP COMPUTER,7.0,GAME CONSOLE,5.0,synthetic_original,Modeled popularity weights; not real survey data and not copied from Famobi.
Q0296,Name a technology device or brand people use for gaming,Technology,SMARTPHONE,38.0,LAPTOP,24.0,TABLET,16.0,SMARTWATCH,10.0,DESKTOP COMPUTER,7.0,GAME CONSOLE,5.0,synthetic_original,Modeled popularity weights; not real survey data and not copied from Famobi.
Q0297,Name a technology device or brand people use for entertainment,Technology,SMARTPHONE,38.0,LAPTOP,24.0,TABLET,16.0,SMARTWATCH,10.0,DESKTOP COMPUTER,7.0,GAME CONSOLE,5.0,synthetic_original,Modeled popularity weights; not real survey data and not copied from Famobi.
Q0298,Name a technology device or brand people use for communication,Technology,SMARTPHONE,38.0,LAPTOP,24.0,TABLET,16.0,SMARTWATCH,10.0,DESKTOP COMPUTER,7.0,GAME CONSOLE,5.0,synthetic_original,Modeled popularity weights; not real survey data and not copied from Famobi.
Q0299,Name a technology device or brand people use for shopping,Technology,SMARTPHONE,38.0,LAPTOP,24.0,TABLET,16.0,SMARTWATCH,10.0,DESKTOP COMPUTER,7.0,GAME CONSOLE,5.0,synthetic_original,Modeled popularity weights; not real survey data and not copied from Famobi.
Q0300,Name a technology device or brand people use for travel,Technology,SMARTPHONE,38.0,LAPTOP,24.0,TABLET,16.0,SMARTWATCH,10.0,DESKTOP COMPUTER,7.0,GAME CONSOLE,5.0,synthetic_original,Modeled popularity weights; not real survey data and not copied from Famobi.
Q0301,Name a technology device or brand people use every morning,Technology,SMARTPHONE,38.0,LAPTOP,24.0,TABLET,16.0,SMARTWATCH,10.0,DESKTOP COMPUTER,7.0,GAME CONSOLE,5.0,synthetic_original,Modeled popularity weights; not real survey data and not copied from Famobi.
Q0302,Name a technology device or brand people use every day,Technology,SMARTPHONE,38.0,LAPTOP,24.0,TABLET,16.0,SMARTWATCH,10.0,DESKTOP COMPUTER,7.0,GAME CONSOLE,5.0,synthetic_original,Modeled popularity weights; not real survey data and not copied from Famobi.
Q0303,Name a technology device or brand people use in an office,Technology,SMARTPHONE,38.0,LAPTOP,24.0,TABLET,16.0,SMARTWATCH,10.0,DESKTOP COMPUTER,7.0,GAME CONSOLE,5.0,synthetic_original,Modeled popularity weights; not real survey data and not copied from Famobi.
Q0304,Name a technology device or brand people use on a desk,Technology,SMARTPHONE,38.0,LAPTOP,24.0,TABLET,16.0,SMARTWATCH,10.0,DESKTOP COMPUTER,7.0,GAME CONSOLE,5.0,synthetic_original,Modeled popularity weights; not real survey data and not copied from Famobi.
Q0305,Name something people commonly encounter in an office,Work,DOCTOR,38.0,TEACHER,24.0,ENGINEER,16.0,LAWYER,10.0,NURSE,7.0,ACCOUNTANT,5.0,synthetic_original,Modeled popularity weights; not real survey data and not copied from Famobi.
Q0306,Name something people commonly encounter at a company,Work,DOCTOR,38.0,TEACHER,24.0,ENGINEER,16.0,LAWYER,10.0,NURSE,7.0,ACCOUNTANT,5.0,synthetic_original,Modeled popularity weights; not real survey data and not copied from Famobi.
Q0307,Name something people commonly encounter during a meeting,Work,DOCTOR,38.0,TEACHER,24.0,ENGINEER,16.0,LAWYER,10.0,NURSE,7.0,ACCOUNTANT,5.0,synthetic_original,Modeled popularity weights; not real survey data and not copied from Famobi.
Q0308,Name something people commonly encounter on a workday,Work,DOCTOR,38.0,TEACHER,24.0,ENGINEER,16.0,LAWYER,10.0,NURSE,7.0,ACCOUNTANT,5.0,synthetic_original,Modeled popularity weights; not real survey data and not copied from Famobi.
Q0309,Name something people commonly encounter at a desk,Work,DOCTOR,38.0,TEACHER,24.0,ENGINEER,16.0,LAWYER,10.0,NURSE,7.0,ACCOUNTANT,5.0,synthetic_original,Modeled popularity weights; not real survey data and not copied from Famobi.
Q0310,Name something people commonly encounter in a workplace,Work,DOCTOR,38.0,TEACHER,24.0,ENGINEER,16.0,LAWYER,10.0,NURSE,7.0,ACCOUNTANT,5.0,synthetic_original,Modeled popularity weights; not real survey data and not copied from Famobi.
Q0311,Name something people commonly encounter before work,Work,DOCTOR,38.0,TEACHER,24.0,ENGINEER,16.0,LAWYER,10.0,NURSE,7.0,ACCOUNTANT,5.0,synthetic_original,Modeled popularity weights; not real survey data and not copied from Famobi.
Q0312,Name something people commonly encounter after work,Work,DOCTOR,38.0,TEACHER,24.0,ENGINEER,16.0,LAWYER,10.0,NURSE,7.0,ACCOUNTANT,5.0,synthetic_original,Modeled popularity weights; not real survey data and not copied from Famobi.
Q0313,Name something people commonly encounter during lunch,Work,DOCTOR,38.0,TEACHER,24.0,ENGINEER,16.0,LAWYER,10.0,NURSE,7.0,ACCOUNTANT,5.0,synthetic_original,Modeled popularity weights; not real survey data and not copied from Famobi.
Q0314,Name something people commonly encounter in a conference room,Work,DOCTOR,38.0,TEACHER,24.0,ENGINEER,16.0,LAWYER,10.0,NURSE,7.0,ACCOUNTANT,5.0,synthetic_original,Modeled popularity weights; not real survey data and not copied from Famobi.
Q0315,Name something people commonly encounter on a project,Work,DOCTOR,38.0,TEACHER,24.0,ENGINEER,16.0,LAWYER,10.0,NURSE,7.0,ACCOUNTANT,5.0,synthetic_original,Modeled popularity weights; not real survey data and not copied from Famobi.
Q0316,Name something people commonly encounter at a job interview,Work,DOCTOR,38.0,TEACHER,24.0,ENGINEER,16.0,LAWYER,10.0,NURSE,7.0,ACCOUNTANT,5.0,synthetic_original,Modeled popularity weights; not real survey data and not copied from Famobi.
Q0317,Name something people might wear to work,Fashion,SHIRT,38.0,JEANS,24.0,DRESS,16.0,JACKET,10.0,SWEATER,7.0,SHORTS,5.0,synthetic_original,Modeled popularity weights; not real survey data and not copied from Famobi.
Q0318,Name something people might wear to school,Fashion,SHIRT,38.0,JEANS,24.0,DRESS,16.0,JACKET,10.0,SWEATER,7.0,SHORTS,5.0,synthetic_original,Modeled popularity weights; not real survey data and not copied from Famobi.
Q0319,Name something people might wear to a party,Fashion,SHIRT,38.0,JEANS,24.0,DRESS,16.0,JACKET,10.0,SWEATER,7.0,SHORTS,5.0,synthetic_original,Modeled popularity weights; not real survey data and not copied from Famobi.
Q0320,Name something people might wear to a wedding,Fashion,SHIRT,38.0,JEANS,24.0,DRESS,16.0,JACKET,10.0,SWEATER,7.0,SHORTS,5.0,synthetic_original,Modeled popularity weights; not real survey data and not copied from Famobi.
Q0321,Name something people might wear to the beach,Fashion,SHIRT,38.0,JEANS,24.0,DRESS,16.0,JACKET,10.0,SWEATER,7.0,SHORTS,5.0,synthetic_original,Modeled popularity weights; not real survey data and not copied from Famobi.
Q0322,Name something people might wear in winter,Fashion,SHIRT,38.0,JEANS,24.0,DRESS,16.0,JACKET,10.0,SWEATER,7.0,SHORTS,5.0,synthetic_original,Modeled popularity weights; not real survey data and not copied from Famobi.
Q0323,Name something people might wear in summer,Fashion,SHIRT,38.0,JEANS,24.0,DRESS,16.0,JACKET,10.0,SWEATER,7.0,SHORTS,5.0,synthetic_original,Modeled popularity weights; not real survey data and not copied from Famobi.
Q0324,Name something people might wear to the gym,Fashion,SHIRT,38.0,JEANS,24.0,DRESS,16.0,JACKET,10.0,SWEATER,7.0,SHORTS,5.0,synthetic_original,Modeled popularity weights; not real survey data and not copied from Famobi.
Q0325,Name something people might wear on a date,Fashion,SHIRT,38.0,JEANS,24.0,DRESS,16.0,JACKET,10.0,SWEATER,7.0,SHORTS,5.0,synthetic_original,Modeled popularity weights; not real survey data and not copied from Famobi.
Q0326,Name something people might wear on vacation,Fashion,SHIRT,38.0,JEANS,24.0,DRESS,16.0,JACKET,10.0,SWEATER,7.0,SHORTS,5.0,synthetic_original,Modeled popularity weights; not real survey data and not copied from Famobi.
Q0327,Name something people might wear on a rainy day,Fashion,SHIRT,38.0,JEANS,24.0,DRESS,16.0,JACKET,10.0,SWEATER,7.0,SHORTS,5.0,synthetic_original,Modeled popularity weights; not real survey data and not copied from Famobi.
Q0328,Name something people might wear for a formal event,Fashion,SHIRT,38.0,JEANS,24.0,DRESS,16.0,JACKET,10.0,SWEATER,7.0,SHORTS,5.0,synthetic_original,Modeled popularity weights; not real survey data and not copied from Famobi.
Q0329,Name something you might see in a forest,Nature,TREE,38.0,FLOWER,24.0,MOUNTAIN,16.0,RIVER,10.0,LAKE,7.0,WATERFALL,5.0,synthetic_original,Modeled popularity weights; not real survey data and not copied from Famobi.
Q0330,Name something you might see at the beach,Nature,TREE,38.0,FLOWER,24.0,MOUNTAIN,16.0,RIVER,10.0,LAKE,7.0,WATERFALL,5.0,synthetic_original,Modeled popularity weights; not real survey data and not copied from Famobi.
Q0331,Name something you might see in a park,Nature,TREE,38.0,FLOWER,24.0,MOUNTAIN,16.0,RIVER,10.0,LAKE,7.0,WATERFALL,5.0,synthetic_original,Modeled popularity weights; not real survey data and not copied from Famobi.
Q0332,Name something you might see in the mountains,Nature,TREE,38.0,FLOWER,24.0,MOUNTAIN,16.0,RIVER,10.0,LAKE,7.0,WATERFALL,5.0,synthetic_original,Modeled popularity weights; not real survey data and not copied from Famobi.
Q0333,Name something you might see near a river,Nature,TREE,38.0,FLOWER,24.0,MOUNTAIN,16.0,RIVER,10.0,LAKE,7.0,WATERFALL,5.0,synthetic_original,Modeled popularity weights; not real survey data and not copied from Famobi.
Q0334,Name something you might see near a lake,Nature,TREE,38.0,FLOWER,24.0,MOUNTAIN,16.0,RIVER,10.0,LAKE,7.0,WATERFALL,5.0,synthetic_original,Modeled popularity weights; not real survey data and not copied from Famobi.
Q0335,Name something you might see in a garden,Nature,TREE,38.0,FLOWER,24.0,MOUNTAIN,16.0,RIVER,10.0,LAKE,7.0,WATERFALL,5.0,synthetic_original,Modeled popularity weights; not real survey data and not copied from Famobi.
Q0336,Name something you might see in the desert,Nature,TREE,38.0,FLOWER,24.0,MOUNTAIN,16.0,RIVER,10.0,LAKE,7.0,WATERFALL,5.0,synthetic_original,Modeled popularity weights; not real survey data and not copied from Famobi.
Q0337,Name something you might see in the ocean,Nature,TREE,38.0,FLOWER,24.0,MOUNTAIN,16.0,RIVER,10.0,LAKE,7.0,WATERFALL,5.0,synthetic_original,Modeled popularity weights; not real survey data and not copied from Famobi.
Q0338,Name something you might see on a hiking trail,Nature,TREE,38.0,FLOWER,24.0,MOUNTAIN,16.0,RIVER,10.0,LAKE,7.0,WATERFALL,5.0,synthetic_original,Modeled popularity weights; not real survey data and not copied from Famobi.
Q0339,Name something you might see in spring,Nature,TREE,38.0,FLOWER,24.0,MOUNTAIN,16.0,RIVER,10.0,LAKE,7.0,WATERFALL,5.0,synthetic_original,Modeled popularity weights; not real survey data and not copied from Famobi.
Q0340,Name something you might see in autumn,Nature,TREE,38.0,FLOWER,24.0,MOUNTAIN,16.0,RIVER,10.0,LAKE,7.0,WATERFALL,5.0,synthetic_original,Modeled popularity weights; not real survey data and not copied from Famobi.
Q0341,Name something associated with holidays at Christmas,Holidays,CHRISTMAS,38.0,HALLOWEEN,24.0,THANKSGIVING,16.0,EASTER,10.0,NEW YEAR'S,7.0,VALENTINE'S DAY,5.0,synthetic_original,Modeled popularity weights; not real survey data and not copied from Famobi.
Q0342,Name something associated with holidays at Halloween,Holidays,CHRISTMAS,38.0,HALLOWEEN,24.0,THANKSGIVING,16.0,EASTER,10.0,NEW YEAR'S,7.0,VALENTINE'S DAY,5.0,synthetic_original,Modeled popularity weights; not real survey data and not copied from Famobi.
Q0343,Name something associated with holidays at Thanksgiving,Holidays,CHRISTMAS,38.0,HALLOWEEN,24.0,THANKSGIVING,16.0,EASTER,10.0,NEW YEAR'S,7.0,VALENTINE'S DAY,5.0,synthetic_original,Modeled popularity weights; not real survey data and not copied from Famobi.
Q0344,Name something associated with holidays on New Year's,Holidays,CHRISTMAS,38.0,HALLOWEEN,24.0,THANKSGIVING,16.0,EASTER,10.0,NEW YEAR'S,7.0,VALENTINE'S DAY,5.0,synthetic_original,Modeled popularity weights; not real survey data and not copied from Famobi.
Q0345,Name something associated with holidays on Valentine's Day,Holidays,CHRISTMAS,38.0,HALLOWEEN,24.0,THANKSGIVING,16.0,EASTER,10.0,NEW YEAR'S,7.0,VALENTINE'S DAY,5.0,synthetic_original,Modeled popularity weights; not real survey data and not copied from Famobi.
Q0346,Name something associated with holidays at Easter,Holidays,CHRISTMAS,38.0,HALLOWEEN,24.0,THANKSGIVING,16.0,EASTER,10.0,NEW YEAR'S,7.0,VALENTINE'S DAY,5.0,synthetic_original,Modeled popularity weights; not real survey data and not copied from Famobi.
Q0347,Name something associated with holidays during a family holiday,Holidays,CHRISTMAS,38.0,HALLOWEEN,24.0,THANKSGIVING,16.0,EASTER,10.0,NEW YEAR'S,7.0,VALENTINE'S DAY,5.0,synthetic_original,Modeled popularity weights; not real survey data and not copied from Famobi.
Q0348,Name something associated with holidays at a holiday party,Holidays,CHRISTMAS,38.0,HALLOWEEN,24.0,THANKSGIVING,16.0,EASTER,10.0,NEW YEAR'S,7.0,VALENTINE'S DAY,5.0,synthetic_original,Modeled popularity weights; not real survey data and not copied from Famobi.
Q0349,Name something associated with holidays when traveling,Holidays,CHRISTMAS,38.0,HALLOWEEN,24.0,THANKSGIVING,16.0,EASTER,10.0,NEW YEAR'S,7.0,VALENTINE'S DAY,5.0,synthetic_original,Modeled popularity weights; not real survey data and not copied from Famobi.
Q0350,Name something associated with holidays during winter,Holidays,CHRISTMAS,38.0,HALLOWEEN,24.0,THANKSGIVING,16.0,EASTER,10.0,NEW YEAR'S,7.0,VALENTINE'S DAY,5.0,synthetic_original,Modeled popularity weights; not real survey data and not copied from Famobi.
Q0351,Name something associated with holidays during summer,Holidays,CHRISTMAS,38.0,HALLOWEEN,24.0,THANKSGIVING,16.0,EASTER,10.0,NEW YEAR'S,7.0,VALENTINE'S DAY,5.0,synthetic_original,Modeled popularity weights; not real survey data and not copied from Famobi.
Q0352,Name something associated with holidays on a special occasion,Holidays,CHRISTMAS,38.0,HALLOWEEN,24.0,THANKSGIVING,16.0,EASTER,10.0,NEW YEAR'S,7.0,VALENTINE'S DAY,5.0,synthetic_original,Modeled popularity weights; not real survey data and not copied from Famobi.
Q0353,Name something people commonly do or use in the morning,Daily Life,PHONE,38.0,WALLET,24.0,KEYS,16.0,SHOES,10.0,WATCH,7.0,ID,5.0,synthetic_original,Modeled popularity weights; not real survey data and not copied from Famobi.
Q0354,Name something people commonly do or use before bed,Daily Life,PHONE,38.0,WALLET,24.0,KEYS,16.0,SHOES,10.0,WATCH,7.0,ID,5.0,synthetic_original,Modeled popularity weights; not real survey data and not copied from Famobi.
Q0355,Name something people commonly do or use after waking up,Daily Life,PHONE,38.0,WALLET,24.0,KEYS,16.0,SHOES,10.0,WATCH,7.0,ID,5.0,synthetic_original,Modeled popularity weights; not real survey data and not copied from Famobi.
Q0356,Name something people commonly do or use before work,Daily Life,PHONE,38.0,WALLET,24.0,KEYS,16.0,SHOES,10.0,WATCH,7.0,ID,5.0,synthetic_original,Modeled popularity weights; not real survey data and not copied from Famobi.
Q0357,Name something people commonly do or use after work,Daily Life,PHONE,38.0,WALLET,24.0,KEYS,16.0,SHOES,10.0,WATCH,7.0,ID,5.0,synthetic_original,Modeled popularity weights; not real survey data and not copied from Famobi.
Q0358,Name something people commonly do or use on weekends,Daily Life,PHONE,38.0,WALLET,24.0,KEYS,16.0,SHOES,10.0,WATCH,7.0,ID,5.0,synthetic_original,Modeled popularity weights; not real survey data and not copied from Famobi.
Q0359,Name something people commonly do or use when bored,Daily Life,PHONE,38.0,WALLET,24.0,KEYS,16.0,SHOES,10.0,WATCH,7.0,ID,5.0,synthetic_original,Modeled popularity weights; not real survey data and not copied from Famobi.
Q0360,Name something people commonly do or use when tired,Daily Life,PHONE,38.0,WALLET,24.0,KEYS,16.0,SHOES,10.0,WATCH,7.0,ID,5.0,synthetic_original,Modeled popularity weights; not real survey data and not copied from Famobi.
Q0361,Name something people commonly do or use when hungry,Daily Life,PHONE,38.0,WALLET,24.0,KEYS,16.0,SHOES,10.0,WATCH,7.0,ID,5.0,synthetic_original,Modeled popularity weights; not real survey data and not copied from Famobi.
Q0362,Name something people commonly do or use when stressed,Daily Life,PHONE,38.0,WALLET,24.0,KEYS,16.0,SHOES,10.0,WATCH,7.0,ID,5.0,synthetic_original,Modeled popularity weights; not real survey data and not copied from Famobi.
Q0363,Name something people commonly do or use when traveling,Daily Life,PHONE,38.0,WALLET,24.0,KEYS,16.0,SHOES,10.0,WATCH,7.0,ID,5.0,synthetic_original,Modeled popularity weights; not real survey data and not copied from Famobi.
Q0364,Name something people commonly do or use every day,Daily Life,PHONE,38.0,WALLET,24.0,KEYS,16.0,SHOES,10.0,WATCH,7.0,ID,5.0,synthetic_original,Modeled popularity weights; not real survey data and not copied from Famobi.
Q0365,Name something families commonly do or have at home,Family,TOGETHER,38.0,ON WEEKENDS,24.0,AT HOME,16.0,ON VACATION,10.0,FOR FUN,7.0,AT DINNER,5.0,synthetic_original,Modeled popularity weights; not real survey data and not copied from Famobi.
Q0366,Name something families commonly do or have on weekends,Family,TOGETHER,38.0,ON WEEKENDS,24.0,AT HOME,16.0,ON VACATION,10.0,FOR FUN,7.0,AT DINNER,5.0,synthetic_original,Modeled popularity weights; not real survey data and not copied from Famobi.
Q0367,Name something families commonly do or have at dinner,Family,TOGETHER,38.0,ON WEEKENDS,24.0,AT HOME,16.0,ON VACATION,10.0,FOR FUN,7.0,AT DINNER,5.0,synthetic_original,Modeled popularity weights; not real survey data and not copied from Famobi.
Q0368,Name something families commonly do or have on vacation,Family,TOGETHER,38.0,ON WEEKENDS,24.0,AT HOME,16.0,ON VACATION,10.0,FOR FUN,7.0,AT DINNER,5.0,synthetic_original,Modeled popularity weights; not real survey data and not copied from Famobi.
Q0369,Name something families commonly do or have during holidays,Family,TOGETHER,38.0,ON WEEKENDS,24.0,AT HOME,16.0,ON VACATION,10.0,FOR FUN,7.0,AT DINNER,5.0,synthetic_original,Modeled popularity weights; not real survey data and not copied from Famobi.
Q0370,Name something families commonly do or have on birthdays,Family,TOGETHER,38.0,ON WEEKENDS,24.0,AT HOME,16.0,ON VACATION,10.0,FOR FUN,7.0,AT DINNER,5.0,synthetic_original,Modeled popularity weights; not real survey data and not copied from Famobi.
Q0371,Name something families commonly do or have in summer,Family,TOGETHER,38.0,ON WEEKENDS,24.0,AT HOME,16.0,ON VACATION,10.0,FOR FUN,7.0,AT DINNER,5.0,synthetic_original,Modeled popularity weights; not real survey data and not copied from Famobi.
Q0372,Name something families commonly do or have for fun,Family,TOGETHER,38.0,ON WEEKENDS,24.0,AT HOME,16.0,ON VACATION,10.0,FOR FUN,7.0,AT DINNER,5.0,synthetic_original,Modeled popularity weights; not real survey data and not copied from Famobi.
Q0373,Name something families commonly do or have after school,Family,TOGETHER,38.0,ON WEEKENDS,24.0,AT HOME,16.0,ON VACATION,10.0,FOR FUN,7.0,AT DINNER,5.0,synthetic_original,Modeled popularity weights; not real survey data and not copied from Famobi.
Q0374,Name something families commonly do or have on a rainy day,Family,TOGETHER,38.0,ON WEEKENDS,24.0,AT HOME,16.0,ON VACATION,10.0,FOR FUN,7.0,AT DINNER,5.0,synthetic_original,Modeled popularity weights; not real survey data and not copied from Famobi.
Q0375,Name something families commonly do or have at a family gathering,Family,TOGETHER,38.0,ON WEEKENDS,24.0,AT HOME,16.0,ON VACATION,10.0,FOR FUN,7.0,AT DINNER,5.0,synthetic_original,Modeled popularity weights; not real survey data and not copied from Famobi.
Q0376,Name something families commonly do or have on a Sunday,Family,TOGETHER,38.0,ON WEEKENDS,24.0,AT HOME,16.0,ON VACATION,10.0,FOR FUN,7.0,AT DINNER,5.0,synthetic_original,Modeled popularity weights; not real survey data and not copied from Famobi.
Q0377,Name something people commonly buy or encounter at a supermarket,Shopping,SUPERMARKET,38.0,MALL,24.0,PHARMACY,16.0,HARDWARE STORE,10.0,DEPARTMENT STORE,7.0,CONVENIENCE STORE,5.0,synthetic_original,Modeled popularity weights; not real survey data and not copied from Famobi.
Q0378,Name something people commonly buy or encounter at a mall,Shopping,SUPERMARKET,38.0,MALL,24.0,PHARMACY,16.0,HARDWARE STORE,10.0,DEPARTMENT STORE,7.0,CONVENIENCE STORE,5.0,synthetic_original,Modeled popularity weights; not real survey data and not copied from Famobi.
Q0379,Name something people commonly buy or encounter online,Shopping,SUPERMARKET,38.0,MALL,24.0,PHARMACY,16.0,HARDWARE STORE,10.0,DEPARTMENT STORE,7.0,CONVENIENCE STORE,5.0,synthetic_original,Modeled popularity weights; not real survey data and not copied from Famobi.
Q0380,Name something people commonly buy or encounter during a sale,Shopping,SUPERMARKET,38.0,MALL,24.0,PHARMACY,16.0,HARDWARE STORE,10.0,DEPARTMENT STORE,7.0,CONVENIENCE STORE,5.0,synthetic_original,Modeled popularity weights; not real survey data and not copied from Famobi.
Q0381,Name something people commonly buy or encounter for groceries,Shopping,SUPERMARKET,38.0,MALL,24.0,PHARMACY,16.0,HARDWARE STORE,10.0,DEPARTMENT STORE,7.0,CONVENIENCE STORE,5.0,synthetic_original,Modeled popularity weights; not real survey data and not copied from Famobi.
Q0382,Name something people commonly buy or encounter for a birthday,Shopping,SUPERMARKET,38.0,MALL,24.0,PHARMACY,16.0,HARDWARE STORE,10.0,DEPARTMENT STORE,7.0,CONVENIENCE STORE,5.0,synthetic_original,Modeled popularity weights; not real survey data and not copied from Famobi.
Q0383,Name something people commonly buy or encounter for a new home,Shopping,SUPERMARKET,38.0,MALL,24.0,PHARMACY,16.0,HARDWARE STORE,10.0,DEPARTMENT STORE,7.0,CONVENIENCE STORE,5.0,synthetic_original,Modeled popularity weights; not real survey data and not copied from Famobi.
Q0384,Name something people commonly buy or encounter before a holiday,Shopping,SUPERMARKET,38.0,MALL,24.0,PHARMACY,16.0,HARDWARE STORE,10.0,DEPARTMENT STORE,7.0,CONVENIENCE STORE,5.0,synthetic_original,Modeled popularity weights; not real survey data and not copied from Famobi.
Q0385,Name something people commonly buy or encounter at a convenience store,Shopping,SUPERMARKET,38.0,MALL,24.0,PHARMACY,16.0,HARDWARE STORE,10.0,DEPARTMENT STORE,7.0,CONVENIENCE STORE,5.0,synthetic_original,Modeled popularity weights; not real survey data and not copied from Famobi.
Q0386,Name something people commonly buy or encounter at a department store,Shopping,SUPERMARKET,38.0,MALL,24.0,PHARMACY,16.0,HARDWARE STORE,10.0,DEPARTMENT STORE,7.0,CONVENIENCE STORE,5.0,synthetic_original,Modeled popularity weights; not real survey data and not copied from Famobi.
Q0387,Name something people commonly buy or encounter on a shopping trip,Shopping,SUPERMARKET,38.0,MALL,24.0,PHARMACY,16.0,HARDWARE STORE,10.0,DEPARTMENT STORE,7.0,CONVENIENCE STORE,5.0,synthetic_original,Modeled popularity weights; not real survey data and not copied from Famobi.
Q0388,Name something people commonly buy or encounter for a vacation,Shopping,SUPERMARKET,38.0,MALL,24.0,PHARMACY,16.0,HARDWARE STORE,10.0,DEPARTMENT STORE,7.0,CONVENIENCE STORE,5.0,synthetic_original,Modeled popularity weights; not real survey data and not copied from Famobi.
Q0389,Name something you might see or do at a birthday party,Party,PARTY,38.0,BIRTHDAY,24.0,WEDDING,16.0,CONCERT,10.0,BARBECUE,7.0,PICNIC,5.0,synthetic_original,Modeled popularity weights; not real survey data and not copied from Famobi.
Q0390,Name something you might see or do at a wedding,Party,PARTY,38.0,BIRTHDAY,24.0,WEDDING,16.0,CONCERT,10.0,BARBECUE,7.0,PICNIC,5.0,synthetic_original,Modeled popularity weights; not real survey data and not copied from Famobi.
Q0391,Name something you might see or do at a barbecue,Party,PARTY,38.0,BIRTHDAY,24.0,WEDDING,16.0,CONCERT,10.0,BARBECUE,7.0,PICNIC,5.0,synthetic_original,Modeled popularity weights; not real survey data and not copied from Famobi.
Q0392,Name something you might see or do at a picnic,Party,PARTY,38.0,BIRTHDAY,24.0,WEDDING,16.0,CONCERT,10.0,BARBECUE,7.0,PICNIC,5.0,synthetic_original,Modeled popularity weights; not real survey data and not copied from Famobi.
Q0393,Name something you might see or do at a game night,Party,PARTY,38.0,BIRTHDAY,24.0,WEDDING,16.0,CONCERT,10.0,BARBECUE,7.0,PICNIC,5.0,synthetic_original,Modeled popularity weights; not real survey data and not copied from Famobi.
Q0394,Name something you might see or do at a holiday party,Party,PARTY,38.0,BIRTHDAY,24.0,WEDDING,16.0,CONCERT,10.0,BARBECUE,7.0,PICNIC,5.0,synthetic_original,Modeled popularity weights; not real survey data and not copied from Famobi.
Q0395,Name something you might see or do at a concert,Party,PARTY,38.0,BIRTHDAY,24.0,WEDDING,16.0,CONCERT,10.0,BARBECUE,7.0,PICNIC,5.0,synthetic_original,Modeled popularity weights; not real survey data and not copied from Famobi.
Q0396,Name something you might see or do at a family gathering,Party,PARTY,38.0,BIRTHDAY,24.0,WEDDING,16.0,CONCERT,10.0,BARBECUE,7.0,PICNIC,5.0,synthetic_original,Modeled popularity weights; not real survey data and not copied from Famobi.
Q0397,Name something you might see or do at a house party,Party,PARTY,38.0,BIRTHDAY,24.0,WEDDING,16.0,CONCERT,10.0,BARBECUE,7.0,PICNIC,5.0,synthetic_original,Modeled popularity weights; not real survey data and not copied from Famobi.
Q0398,Name something you might see or do at a celebration,Party,PARTY,38.0,BIRTHDAY,24.0,WEDDING,16.0,CONCERT,10.0,BARBECUE,7.0,PICNIC,5.0,synthetic_original,Modeled popularity weights; not real survey data and not copied from Famobi.
Q0399,Name something you might see or do at a dinner party,Party,PARTY,38.0,BIRTHDAY,24.0,WEDDING,16.0,CONCERT,10.0,BARBECUE,7.0,PICNIC,5.0,synthetic_original,Modeled popularity weights; not real survey data and not copied from Famobi.
Q0400,Name something you might see or do at a graduation,Party,PARTY,38.0,BIRTHDAY,24.0,WEDDING,16.0,CONCERT,10.0,BARBECUE,7.0,PICNIC,5.0,synthetic_original,Modeled popularity weights; not real survey data and not copied from Famobi.
Q0401,Name a vehicle or transportation-related thing you might see in a car,Transportation,CAR,38.0,TRUCK,24.0,BUS,16.0,TRAIN,10.0,AIRPLANE,7.0,MOTORCYCLE,5.0,synthetic_original,Modeled popularity weights; not real survey data and not copied from Famobi.
Q0402,Name a vehicle or transportation-related thing you might see on a bus,Transportation,CAR,38.0,TRUCK,24.0,BUS,16.0,TRAIN,10.0,AIRPLANE,7.0,MOTORCYCLE,5.0,synthetic_original,Modeled popularity weights; not real survey data and not copied from Famobi.
Q0403,Name a vehicle or transportation-related thing you might see on a train,Transportation,CAR,38.0,TRUCK,24.0,BUS,16.0,TRAIN,10.0,AIRPLANE,7.0,MOTORCYCLE,5.0,synthetic_original,Modeled popularity weights; not real survey data and not copied from Famobi.
Q0404,Name a vehicle or transportation-related thing you might see on an airplane,Transportation,CAR,38.0,TRUCK,24.0,BUS,16.0,TRAIN,10.0,AIRPLANE,7.0,MOTORCYCLE,5.0,synthetic_original,Modeled popularity weights; not real survey data and not copied from Famobi.
Q0405,Name a vehicle or transportation-related thing you might see at an airport,Transportation,CAR,38.0,TRUCK,24.0,BUS,16.0,TRAIN,10.0,AIRPLANE,7.0,MOTORCYCLE,5.0,synthetic_original,Modeled popularity weights; not real survey data and not copied from Famobi.
Q0406,Name a vehicle or transportation-related thing you might see on a highway,Transportation,CAR,38.0,TRUCK,24.0,BUS,16.0,TRAIN,10.0,AIRPLANE,7.0,MOTORCYCLE,5.0,synthetic_original,Modeled popularity weights; not real survey data and not copied from Famobi.
Q0407,Name a vehicle or transportation-related thing you might see during a commute,Transportation,CAR,38.0,TRUCK,24.0,BUS,16.0,TRAIN,10.0,AIRPLANE,7.0,MOTORCYCLE,5.0,synthetic_original,Modeled popularity weights; not real survey data and not copied from Famobi.
Q0408,Name a vehicle or transportation-related thing you might see on a road trip,Transportation,CAR,38.0,TRUCK,24.0,BUS,16.0,TRAIN,10.0,AIRPLANE,7.0,MOTORCYCLE,5.0,synthetic_original,Modeled popularity weights; not real survey data and not copied from Famobi.
Q0409,Name a vehicle or transportation-related thing you might see in a garage,Transportation,CAR,38.0,TRUCK,24.0,BUS,16.0,TRAIN,10.0,AIRPLANE,7.0,MOTORCYCLE,5.0,synthetic_original,Modeled popularity weights; not real survey data and not copied from Famobi.
Q0410,Name a vehicle or transportation-related thing you might see at a train station,Transportation,CAR,38.0,TRUCK,24.0,BUS,16.0,TRAIN,10.0,AIRPLANE,7.0,MOTORCYCLE,5.0,synthetic_original,Modeled popularity weights; not real survey data and not copied from Famobi.
Q0411,Name a vehicle or transportation-related thing you might see in a taxi,Transportation,CAR,38.0,TRUCK,24.0,BUS,16.0,TRAIN,10.0,AIRPLANE,7.0,MOTORCYCLE,5.0,synthetic_original,Modeled popularity weights; not real survey data and not copied from Famobi.
Q0412,Name a vehicle or transportation-related thing you might see on a motorcycle,Transportation,CAR,38.0,TRUCK,24.0,BUS,16.0,TRAIN,10.0,AIRPLANE,7.0,MOTORCYCLE,5.0,synthetic_original,Modeled popularity weights; not real survey data and not copied from Famobi.
Q0413,Name an activity or item people commonly use at a gym,Health & Fitness,RUN,38.0,WALK,24.0,LIFT WEIGHTS,16.0,SWIM,10.0,CYCLE,7.0,STRETCH,5.0,synthetic_original,Modeled popularity weights; not real survey data and not copied from Famobi.
Q0414,Name an activity or item people commonly use at home,Health & Fitness,RUN,38.0,WALK,24.0,LIFT WEIGHTS,16.0,SWIM,10.0,CYCLE,7.0,STRETCH,5.0,synthetic_original,Modeled popularity weights; not real survey data and not copied from Famobi.
Q0415,Name an activity or item people commonly use in the morning,Health & Fitness,RUN,38.0,WALK,24.0,LIFT WEIGHTS,16.0,SWIM,10.0,CYCLE,7.0,STRETCH,5.0,synthetic_original,Modeled popularity weights; not real survey data and not copied from Famobi.
Q0416,Name an activity or item people commonly use after work,Health & Fitness,RUN,38.0,WALK,24.0,LIFT WEIGHTS,16.0,SWIM,10.0,CYCLE,7.0,STRETCH,5.0,synthetic_original,Modeled popularity weights; not real survey data and not copied from Famobi.
Q0417,Name an activity or item people commonly use on a weekend,Health & Fitness,RUN,38.0,WALK,24.0,LIFT WEIGHTS,16.0,SWIM,10.0,CYCLE,7.0,STRETCH,5.0,synthetic_original,Modeled popularity weights; not real survey data and not copied from Famobi.
Q0418,Name an activity or item people commonly use before a workout,Health & Fitness,RUN,38.0,WALK,24.0,LIFT WEIGHTS,16.0,SWIM,10.0,CYCLE,7.0,STRETCH,5.0,synthetic_original,Modeled popularity weights; not real survey data and not copied from Famobi.
Q0419,Name an activity or item people commonly use after a workout,Health & Fitness,RUN,38.0,WALK,24.0,LIFT WEIGHTS,16.0,SWIM,10.0,CYCLE,7.0,STRETCH,5.0,synthetic_original,Modeled popularity weights; not real survey data and not copied from Famobi.
Q0420,Name an activity or item people commonly use to stay healthy,Health & Fitness,RUN,38.0,WALK,24.0,LIFT WEIGHTS,16.0,SWIM,10.0,CYCLE,7.0,STRETCH,5.0,synthetic_original,Modeled popularity weights; not real survey data and not copied from Famobi.
Q0421,Name an activity or item people commonly use to lose weight,Health & Fitness,RUN,38.0,WALK,24.0,LIFT WEIGHTS,16.0,SWIM,10.0,CYCLE,7.0,STRETCH,5.0,synthetic_original,Modeled popularity weights; not real survey data and not copied from Famobi.
Q0422,Name an activity or item people commonly use to build strength,Health & Fitness,RUN,38.0,WALK,24.0,LIFT WEIGHTS,16.0,SWIM,10.0,CYCLE,7.0,STRETCH,5.0,synthetic_original,Modeled popularity weights; not real survey data and not copied from Famobi.
Q0423,Name an activity or item people commonly use outdoors,Health & Fitness,RUN,38.0,WALK,24.0,LIFT WEIGHTS,16.0,SWIM,10.0,CYCLE,7.0,STRETCH,5.0,synthetic_original,Modeled popularity weights; not real survey data and not copied from Famobi.
Q0424,Name an activity or item people commonly use with friends,Health & Fitness,RUN,38.0,WALK,24.0,LIFT WEIGHTS,16.0,SWIM,10.0,CYCLE,7.0,STRETCH,5.0,synthetic_original,Modeled popularity weights; not real survey data and not copied from Famobi.
Q0425,Name something people commonly spend money on every month,Money,SPEND,38.0,SAVE,24.0,BORROW,16.0,INVEST,10.0,WASTE,7.0,EARN,5.0,synthetic_original,Modeled popularity weights; not real survey data and not copied from Famobi.
Q0426,Name something people commonly spend money on at the supermarket,Money,SPEND,38.0,SAVE,24.0,BORROW,16.0,INVEST,10.0,WASTE,7.0,EARN,5.0,synthetic_original,Modeled popularity weights; not real survey data and not copied from Famobi.
Q0427,Name something people commonly spend money on for a home,Money,SPEND,38.0,SAVE,24.0,BORROW,16.0,INVEST,10.0,WASTE,7.0,EARN,5.0,synthetic_original,Modeled popularity weights; not real survey data and not copied from Famobi.
Q0428,Name something people commonly spend money on for a car,Money,SPEND,38.0,SAVE,24.0,BORROW,16.0,INVEST,10.0,WASTE,7.0,EARN,5.0,synthetic_original,Modeled popularity weights; not real survey data and not copied from Famobi.
Q0429,Name something people commonly spend money on on vacation,Money,SPEND,38.0,SAVE,24.0,BORROW,16.0,INVEST,10.0,WASTE,7.0,EARN,5.0,synthetic_original,Modeled popularity weights; not real survey data and not copied from Famobi.
Q0430,Name something people commonly spend money on at a restaurant,Money,SPEND,38.0,SAVE,24.0,BORROW,16.0,INVEST,10.0,WASTE,7.0,EARN,5.0,synthetic_original,Modeled popularity weights; not real survey data and not copied from Famobi.
Q0431,Name something people commonly spend money on online,Money,SPEND,38.0,SAVE,24.0,BORROW,16.0,INVEST,10.0,WASTE,7.0,EARN,5.0,synthetic_original,Modeled popularity weights; not real survey data and not copied from Famobi.
Q0432,Name something people commonly spend money on during the holidays,Money,SPEND,38.0,SAVE,24.0,BORROW,16.0,INVEST,10.0,WASTE,7.0,EARN,5.0,synthetic_original,Modeled popularity weights; not real survey data and not copied from Famobi.
Q0433,Name something people commonly spend money on for entertainment,Money,SPEND,38.0,SAVE,24.0,BORROW,16.0,INVEST,10.0,WASTE,7.0,EARN,5.0,synthetic_original,Modeled popularity weights; not real survey data and not copied from Famobi.
Q0434,Name something people commonly spend money on for transportation,Money,SPEND,38.0,SAVE,24.0,BORROW,16.0,INVEST,10.0,WASTE,7.0,EARN,5.0,synthetic_original,Modeled popularity weights; not real survey data and not copied from Famobi.
Q0435,Name something people commonly spend money on for school,Money,SPEND,38.0,SAVE,24.0,BORROW,16.0,INVEST,10.0,WASTE,7.0,EARN,5.0,synthetic_original,Modeled popularity weights; not real survey data and not copied from Famobi.
Q0436,Name something people commonly spend money on for emergencies,Money,SPEND,38.0,SAVE,24.0,BORROW,16.0,INVEST,10.0,WASTE,7.0,EARN,5.0,synthetic_original,Modeled popularity weights; not real survey data and not copied from Famobi.
Q0437,Name a way people commonly communicate at work,Communication,COMMUNICATE,38.0,CALL,24.0,TEXT,16.0,MESSAGE,10.0,EMAIL,7.0,VIDEO CHAT,5.0,synthetic_original,Modeled popularity weights; not real survey data and not copied from Famobi.
Q0438,Name a way people commonly communicate with friends,Communication,COMMUNICATE,38.0,CALL,24.0,TEXT,16.0,MESSAGE,10.0,EMAIL,7.0,VIDEO CHAT,5.0,synthetic_original,Modeled popularity weights; not real survey data and not copied from Famobi.
Q0439,Name a way people commonly communicate with family,Communication,COMMUNICATE,38.0,CALL,24.0,TEXT,16.0,MESSAGE,10.0,EMAIL,7.0,VIDEO CHAT,5.0,synthetic_original,Modeled popularity weights; not real survey data and not copied from Famobi.
Q0440,Name a way people commonly communicate while traveling,Communication,COMMUNICATE,38.0,CALL,24.0,TEXT,16.0,MESSAGE,10.0,EMAIL,7.0,VIDEO CHAT,5.0,synthetic_original,Modeled popularity weights; not real survey data and not copied from Famobi.
Q0441,Name a way people commonly communicate at school,Communication,COMMUNICATE,38.0,CALL,24.0,TEXT,16.0,MESSAGE,10.0,EMAIL,7.0,VIDEO CHAT,5.0,synthetic_original,Modeled popularity weights; not real survey data and not copied from Famobi.
Q0442,Name a way people commonly communicate on a phone,Communication,COMMUNICATE,38.0,CALL,24.0,TEXT,16.0,MESSAGE,10.0,EMAIL,7.0,VIDEO CHAT,5.0,synthetic_original,Modeled popularity weights; not real survey data and not copied from Famobi.
Q0443,Name a way people commonly communicate online,Communication,COMMUNICATE,38.0,CALL,24.0,TEXT,16.0,MESSAGE,10.0,EMAIL,7.0,VIDEO CHAT,5.0,synthetic_original,Modeled popularity weights; not real survey data and not copied from Famobi.
Q0444,Name a way people commonly communicate every day,Communication,COMMUNICATE,38.0,CALL,24.0,TEXT,16.0,MESSAGE,10.0,EMAIL,7.0,VIDEO CHAT,5.0,synthetic_original,Modeled popularity weights; not real survey data and not copied from Famobi.
Q0445,Name a way people commonly communicate in an emergency,Communication,COMMUNICATE,38.0,CALL,24.0,TEXT,16.0,MESSAGE,10.0,EMAIL,7.0,VIDEO CHAT,5.0,synthetic_original,Modeled popularity weights; not real survey data and not copied from Famobi.
Q0446,Name a way people commonly communicate during a meeting,Communication,COMMUNICATE,38.0,CALL,24.0,TEXT,16.0,MESSAGE,10.0,EMAIL,7.0,VIDEO CHAT,5.0,synthetic_original,Modeled popularity weights; not real survey data and not copied from Famobi.
Q0447,Name a way people commonly communicate on vacation,Communication,COMMUNICATE,38.0,CALL,24.0,TEXT,16.0,MESSAGE,10.0,EMAIL,7.0,VIDEO CHAT,5.0,synthetic_original,Modeled popularity weights; not real survey data and not copied from Famobi.
Q0448,Name a way people commonly communicate from home,Communication,COMMUNICATE,38.0,CALL,24.0,TEXT,16.0,MESSAGE,10.0,EMAIL,7.0,VIDEO CHAT,5.0,synthetic_original,Modeled popularity weights; not real survey data and not copied from Famobi.
Q0449,Name a game or gaming-related thing people use with friends,Games,BOARD,38.0,CARD,24.0,PARTY,16.0,VIDEO,10.0,MOBILE,7.0,WORD,5.0,synthetic_original,Modeled popularity weights; not real survey data and not copied from Famobi.
Q0450,Name a game or gaming-related thing people use with family,Games,BOARD,38.0,CARD,24.0,PARTY,16.0,VIDEO,10.0,MOBILE,7.0,WORD,5.0,synthetic_original,Modeled popularity weights; not real survey data and not copied from Famobi.
Q0451,Name a game or gaming-related thing people use at a party,Games,BOARD,38.0,CARD,24.0,PARTY,16.0,VIDEO,10.0,MOBILE,7.0,WORD,5.0,synthetic_original,Modeled popularity weights; not real survey data and not copied from Famobi.
Q0452,Name a game or gaming-related thing people use at home,Games,BOARD,38.0,CARD,24.0,PARTY,16.0,VIDEO,10.0,MOBILE,7.0,WORD,5.0,synthetic_original,Modeled popularity weights; not real survey data and not copied from Famobi.
Q0453,Name a game or gaming-related thing people use on a phone,Games,BOARD,38.0,CARD,24.0,PARTY,16.0,VIDEO,10.0,MOBILE,7.0,WORD,5.0,synthetic_original,Modeled popularity weights; not real survey data and not copied from Famobi.
Q0454,Name a game or gaming-related thing people use on a computer,Games,BOARD,38.0,CARD,24.0,PARTY,16.0,VIDEO,10.0,MOBILE,7.0,WORD,5.0,synthetic_original,Modeled popularity weights; not real survey data and not copied from Famobi.
Q0455,Name a game or gaming-related thing people use on a console,Games,BOARD,38.0,CARD,24.0,PARTY,16.0,VIDEO,10.0,MOBILE,7.0,WORD,5.0,synthetic_original,Modeled popularity weights; not real survey data and not copied from Famobi.
Q0456,Name a game or gaming-related thing people use at school,Games,BOARD,38.0,CARD,24.0,PARTY,16.0,VIDEO,10.0,MOBILE,7.0,WORD,5.0,synthetic_original,Modeled popularity weights; not real survey data and not copied from Famobi.
Q0457,Name a game or gaming-related thing people use on vacation,Games,BOARD,38.0,CARD,24.0,PARTY,16.0,VIDEO,10.0,MOBILE,7.0,WORD,5.0,synthetic_original,Modeled popularity weights; not real survey data and not copied from Famobi.
Q0458,Name a game or gaming-related thing people use during a road trip,Games,BOARD,38.0,CARD,24.0,PARTY,16.0,VIDEO,10.0,MOBILE,7.0,WORD,5.0,synthetic_original,Modeled popularity weights; not real survey data and not copied from Famobi.
Q0459,Name a game or gaming-related thing people use on a rainy day,Games,BOARD,38.0,CARD,24.0,PARTY,16.0,VIDEO,10.0,MOBILE,7.0,WORD,5.0,synthetic_original,Modeled popularity weights; not real survey data and not copied from Famobi.
Q0460,Name a game or gaming-related thing people use at game night,Games,BOARD,38.0,CARD,24.0,PARTY,16.0,VIDEO,10.0,MOBILE,7.0,WORD,5.0,synthetic_original,Modeled popularity weights; not real survey data and not copied from Famobi.
Q0461,Name a color people commonly choose for a car,Colors,RED,38.0,BLUE,24.0,GREEN,16.0,YELLOW,10.0,PURPLE,7.0,ORANGE,5.0,synthetic_original,Modeled popularity weights; not real survey data and not copied from Famobi.
Q0462,Name a color people commonly choose for a house,Colors,RED,38.0,BLUE,24.0,GREEN,16.0,YELLOW,10.0,PURPLE,7.0,ORANGE,5.0,synthetic_original,Modeled popularity weights; not real survey data and not copied from Famobi.
Q0463,Name a color people commonly choose for clothing,Colors,RED,38.0,BLUE,24.0,GREEN,16.0,YELLOW,10.0,PURPLE,7.0,ORANGE,5.0,synthetic_original,Modeled popularity weights; not real survey data and not copied from Famobi.
Q0464,Name a color people commonly choose for a bedroom,Colors,RED,38.0,BLUE,24.0,GREEN,16.0,YELLOW,10.0,PURPLE,7.0,ORANGE,5.0,synthetic_original,Modeled popularity weights; not real survey data and not copied from Famobi.
Q0465,Name a color people commonly choose for a logo,Colors,RED,38.0,BLUE,24.0,GREEN,16.0,YELLOW,10.0,PURPLE,7.0,ORANGE,5.0,synthetic_original,Modeled popularity weights; not real survey data and not copied from Famobi.
Q0466,Name a color people commonly choose in nature,Colors,RED,38.0,BLUE,24.0,GREEN,16.0,YELLOW,10.0,PURPLE,7.0,ORANGE,5.0,synthetic_original,Modeled popularity weights; not real survey data and not copied from Famobi.
Q0467,Name a color people commonly choose at a party,Colors,RED,38.0,BLUE,24.0,GREEN,16.0,YELLOW,10.0,PURPLE,7.0,ORANGE,5.0,synthetic_original,Modeled popularity weights; not real survey data and not copied from Famobi.
Q0468,Name a color people commonly choose for a wedding,Colors,RED,38.0,BLUE,24.0,GREEN,16.0,YELLOW,10.0,PURPLE,7.0,ORANGE,5.0,synthetic_original,Modeled popularity weights; not real survey data and not copied from Famobi.
Q0469,Name a color people commonly choose for a phone,Colors,RED,38.0,BLUE,24.0,GREEN,16.0,YELLOW,10.0,PURPLE,7.0,ORANGE,5.0,synthetic_original,Modeled popularity weights; not real survey data and not copied from Famobi.
Q0470,Name a color people commonly choose for a sports team,Colors,RED,38.0,BLUE,24.0,GREEN,16.0,YELLOW,10.0,PURPLE,7.0,ORANGE,5.0,synthetic_original,Modeled popularity weights; not real survey data and not copied from Famobi.
Q0471,Name a color people commonly choose for a wall,Colors,RED,38.0,BLUE,24.0,GREEN,16.0,YELLOW,10.0,PURPLE,7.0,ORANGE,5.0,synthetic_original,Modeled popularity weights; not real survey data and not copied from Famobi.
Q0472,Name a color people commonly choose for a backpack,Colors,RED,38.0,BLUE,24.0,GREEN,16.0,YELLOW,10.0,PURPLE,7.0,ORANGE,5.0,synthetic_original,Modeled popularity weights; not real survey data and not copied from Famobi.
Q0473,Name a place people commonly go in a city,Places,EAT,38.0,SHOP,24.0,RELAX,16.0,EXERCISE,10.0,STUDY,7.0,HAVE FUN,5.0,synthetic_original,Modeled popularity weights; not real survey data and not copied from Famobi.
Q0474,Name a place people commonly go on vacation,Places,EAT,38.0,SHOP,24.0,RELAX,16.0,EXERCISE,10.0,STUDY,7.0,HAVE FUN,5.0,synthetic_original,Modeled popularity weights; not real survey data and not copied from Famobi.
Q0475,Name a place people commonly go on a weekend,Places,EAT,38.0,SHOP,24.0,RELAX,16.0,EXERCISE,10.0,STUDY,7.0,HAVE FUN,5.0,synthetic_original,Modeled popularity weights; not real survey data and not copied from Famobi.
Q0476,Name a place people commonly go with friends,Places,EAT,38.0,SHOP,24.0,RELAX,16.0,EXERCISE,10.0,STUDY,7.0,HAVE FUN,5.0,synthetic_original,Modeled popularity weights; not real survey data and not copied from Famobi.
Q0477,Name a place people commonly go with family,Places,EAT,38.0,SHOP,24.0,RELAX,16.0,EXERCISE,10.0,STUDY,7.0,HAVE FUN,5.0,synthetic_original,Modeled popularity weights; not real survey data and not copied from Famobi.
Q0478,Name a place people commonly go after work,Places,EAT,38.0,SHOP,24.0,RELAX,16.0,EXERCISE,10.0,STUDY,7.0,HAVE FUN,5.0,synthetic_original,Modeled popularity weights; not real survey data and not copied from Famobi.
Q0479,Name a place people commonly go for entertainment,Places,EAT,38.0,SHOP,24.0,RELAX,16.0,EXERCISE,10.0,STUDY,7.0,HAVE FUN,5.0,synthetic_original,Modeled popularity weights; not real survey data and not copied from Famobi.
Q0480,Name a place people commonly go for shopping,Places,EAT,38.0,SHOP,24.0,RELAX,16.0,EXERCISE,10.0,STUDY,7.0,HAVE FUN,5.0,synthetic_original,Modeled popularity weights; not real survey data and not copied from Famobi.
Q0481,Name a place people commonly go for exercise,Places,EAT,38.0,SHOP,24.0,RELAX,16.0,EXERCISE,10.0,STUDY,7.0,HAVE FUN,5.0,synthetic_original,Modeled popularity weights; not real survey data and not copied from Famobi.
Q0482,Name a place people commonly go to relax,Places,EAT,38.0,SHOP,24.0,RELAX,16.0,EXERCISE,10.0,STUDY,7.0,HAVE FUN,5.0,synthetic_original,Modeled popularity weights; not real survey data and not copied from Famobi.
Q0483,Name a place people commonly go to eat,Places,EAT,38.0,SHOP,24.0,RELAX,16.0,EXERCISE,10.0,STUDY,7.0,HAVE FUN,5.0,synthetic_original,Modeled popularity weights; not real survey data and not copied from Famobi.
Q0484,Name a place people commonly go to study,Places,EAT,38.0,SHOP,24.0,RELAX,16.0,EXERCISE,10.0,STUDY,7.0,HAVE FUN,5.0,synthetic_original,Modeled popularity weights; not real survey data and not copied from Famobi.
Q0485,Name an object people commonly use at home,Objects,PAIRS,38.0,BOXES,24.0,BOTTLES,16.0,CANS,10.0,BAGS,7.0,PACKS,5.0,synthetic_original,Modeled popularity weights; not real survey data and not copied from Famobi.
Q0486,Name an object people commonly use at work,Objects,PAIRS,38.0,BOXES,24.0,BOTTLES,16.0,CANS,10.0,BAGS,7.0,PACKS,5.0,synthetic_original,Modeled popularity weights; not real survey data and not copied from Famobi.
Q0487,Name an object people commonly use at school,Objects,PAIRS,38.0,BOXES,24.0,BOTTLES,16.0,CANS,10.0,BAGS,7.0,PACKS,5.0,synthetic_original,Modeled popularity weights; not real survey data and not copied from Famobi.
Q0488,Name an object people commonly use in a car,Objects,PAIRS,38.0,BOXES,24.0,BOTTLES,16.0,CANS,10.0,BAGS,7.0,PACKS,5.0,synthetic_original,Modeled popularity weights; not real survey data and not copied from Famobi.
Q0489,Name an object people commonly use in a bag,Objects,PAIRS,38.0,BOXES,24.0,BOTTLES,16.0,CANS,10.0,BAGS,7.0,PACKS,5.0,synthetic_original,Modeled popularity weights; not real survey data and not copied from Famobi.
Q0490,Name an object people commonly use in a kitchen,Objects,PAIRS,38.0,BOXES,24.0,BOTTLES,16.0,CANS,10.0,BAGS,7.0,PACKS,5.0,synthetic_original,Modeled popularity weights; not real survey data and not copied from Famobi.
Q0491,Name an object people commonly use in a bedroom,Objects,PAIRS,38.0,BOXES,24.0,BOTTLES,16.0,CANS,10.0,BAGS,7.0,PACKS,5.0,synthetic_original,Modeled popularity weights; not real survey data and not copied from Famobi.
Q0492,Name an object people commonly use in an office,Objects,PAIRS,38.0,BOXES,24.0,BOTTLES,16.0,CANS,10.0,BAGS,7.0,PACKS,5.0,synthetic_original,Modeled popularity weights; not real survey data and not copied from Famobi.
Q0493,Name an object people commonly use on a desk,Objects,PAIRS,38.0,BOXES,24.0,BOTTLES,16.0,CANS,10.0,BAGS,7.0,PACKS,5.0,synthetic_original,Modeled popularity weights; not real survey data and not copied from Famobi.
Q0494,Name an object people commonly use in a store,Objects,PAIRS,38.0,BOXES,24.0,BOTTLES,16.0,CANS,10.0,BAGS,7.0,PACKS,5.0,synthetic_original,Modeled popularity weights; not real survey data and not copied from Famobi.
Q0495,Name an object people commonly use on vacation,Objects,PAIRS,38.0,BOXES,24.0,BOTTLES,16.0,CANS,10.0,BAGS,7.0,PACKS,5.0,synthetic_original,Modeled popularity weights; not real survey data and not copied from Famobi.
Q0496,Name an object people commonly use every day,Objects,PAIRS,38.0,BOXES,24.0,BOTTLES,16.0,CANS,10.0,BAGS,7.0,PACKS,5.0,synthetic_original,Modeled popularity weights; not real survey data and not copied from Famobi.
Q0497,What food comes to mind at breakfast?,Food,PIZZA,38.0,BURGER,24.0,FRIES,16.0,CHICKEN,10.0,PASTA,7.0,ICE CREAM,5.0,synthetic_original,Modeled popularity weights; not real survey data and not copied from Famobi.
Q0498,What food comes to mind for lunch?,Food,PIZZA,38.0,BURGER,24.0,FRIES,16.0,CHICKEN,10.0,PASTA,7.0,ICE CREAM,5.0,synthetic_original,Modeled popularity weights; not real survey data and not copied from Famobi.
Q0499,What food comes to mind for dinner?,Food,PIZZA,38.0,BURGER,24.0,FRIES,16.0,CHICKEN,10.0,PASTA,7.0,ICE CREAM,5.0,synthetic_original,Modeled popularity weights; not real survey data and not copied from Famobi.
Q0500,What food comes to mind at a restaurant?,Food,PIZZA,38.0,BURGER,24.0,FRIES,16.0,CHICKEN,10.0,PASTA,7.0,ICE CREAM,5.0,synthetic_original,Modeled popularity weights; not real survey data and not copied from Famobi.
